Handle,Title,Body (HTML),Vendor,Product Category,Type,Tags,Published,Option1 Name,Option1 Value,Option1 Linked To,Option2 Name,Option2 Value,Option2 Linked To,Option3 Name,Option3 Value,Option3 Linked To,Variant SKU,Variant Grams,Variant Inventory Tracker,Variant Inventory Qty,Variant Inventory Policy,Variant Fulfillment Service,Variant Price,Variant Compare At Price,Variant Requires Shipping,Variant Taxable,Unit Price Total Measure,Unit Price Total Measure Unit,Unit Price Base Measure,Unit Price Base Measure Unit,Variant Barcode,Image Src,Image Position,Image Alt Text,Gift Card,SEO Title,SEO Description,Google Shopping / Google Product Category,Google Shopping / Gender,Google Shopping / Age Group,Google Shopping / MPN,Google Shopping / Condition,Google Shopping / Custom Product,Google Shopping / Custom Label 0,Google Shopping / Custom Label 1,Google Shopping / Custom Label 2,Google Shopping / Custom Label 3,Google Shopping / Custom Label 4,complete your look (product.metafields.custom.complete_your_look),Gender (product.metafields.custom.gender),Manufacture Date (product.metafields.custom.manufacture_date),Myntra Specs Info (product.metafields.custom.myntra_specs_info),new launch (product.metafields.custom.new_launch),product-discount (product.metafields.custom.product_discount),Season (product.metafields.custom.season),Merged Product (product.metafields.merges.product_merged),Google: Custom Product (product.metafields.mm-google-shopping.custom_product),Product rating count (product.metafields.reviews.rating_count),Age group (product.metafields.shopify.age-group),Closure type (product.metafields.shopify.closure-type),Color (product.metafields.shopify.color-pattern),Dress occasion (product.metafields.shopify.dress-occasion),Dress style (product.metafields.shopify.dress-style),First steps/crawlers style (product.metafields.shopify.first-steps-crawlers-style),Footwear material (product.metafields.shopify.footwear-material),Shoe features (product.metafields.shopify.shoe-features),Shoe size (product.metafields.shopify.shoe-size),Size (product.metafields.shopify.size),Target gender (product.metafields.shopify.target-gender),Toe style (product.metafields.shopify.toe-style),Complementary products (product.metafields.shopify--discovery--product_recommendation.complementary_products),Related products (product.metafields.shopify--discovery--product_recommendation.related_products),Related products settings (product.metafields.shopify--discovery--product_recommendation.related_products_display),Search product boosts (product.metafields.shopify--discovery--product_search_boost.queries),Variant Image,Variant Weight Unit,Variant Tax Code,Cost per item,Status
"Kids-Boys-Combo-|-Brown-Graphic-Tshirt,-Casual-Cargo-Trousers","Kids Boys Combo | Brown Graphic Tshirt, Casual Cargo Trousers ","Dress your little explorer in effortless style with this premium Purple United Kids Boys Combo, a thoughtfully coordinated Shop the Look outfit that blends modern design, everyday comfort, and functional versatility. This complete ensemble includes a brown graphic T-shirt, beige and cargo trousers,making it an ideal choice for active kids who love to move in style.
The brown half-sleeve T-shirt is crafted from soft, breathable fabric and features a bold typography graphic that lends a sporty, contemporary appeal. Designed for all-day comfort, its relaxed fit keeps kids cool and comfortable through every adventure.
Paired with the T-shirt are beige cargo trousers featuring spacious utility pockets, an elasticated waistband with an adjustable drawstring, and a relaxed silhouette. The cargo-inspired design offers the perfect balance of comfort, flexibility, and modern style, allowing unrestricted movement during play, travel, and everyday activities.
Whether it's a family outing, vacation, playdate, birthday celebration, or a casual day outdoors, this Kids Boys Combo offers a complete ready-to-wear solution without the effort of mixing and matching. Every piece is carefully selected to complement the others, creating a polished look that reflects contemporary kids' fashion.
Designed with Purple United's commitment to premium quality and thoughtful craftsmanship, this coordinated outfit combines style, durability, and everyday practicality. Easy to wear, easy to maintain, and versatile across seasons, this Shop the Look combo is a wardrobe essential that keeps young trendsetters comfortable, confident, and ready for every adventure.",Purple United Kids,Apparel & Accessories > Clothing,Combo Set,"Apparel, Combo Set, Boys, All Products, NEW LAUNCH",TRUE,T-Shirt,2-3Y,,Trouser,2-3Y,,,,,8905120267918-8905120586279,200,shopify,,deny,manual,1599,3199,TRUE,TRUE,,,,,PBTROS000160-NAVY BLUE-PBTSHS003138-BROWN,,,,FALSE,"Kids Boys Combo | Brown Graphic Tshirt, Casual Cargo Trousers ","Dress your little explorer in effortless style with this premium Purple United Kids Boys Combo, a thoughtfully coordinated Shop the Look outfit that blends modern design, everyday comfort, and functional versatility. This complete ensemble includes a brown graphic T-shirt, beige and cargo trousers,making it an ideal choice for active kids who love to move in style.
The brown half-sleeve T-shirt is crafted from soft, breathable fabric and features a bold typography graphic that lends a sporty, contemporary appeal. Designed for all-day comfort, its relaxed fit keeps kids cool and comfortable through every adventure.
Paired with the T-shirt are beige cargo trousers featuring spacious utility pockets, an elasticated waistband with an adjustable drawstring, and a relaxed silhouette. The cargo-inspired design offers the perfect balance of comfort, flexibility, and modern style, allowing unrestricted movement during play, travel, and everyday activities.
Whether it's a family outing, vacation, playdate, birthday celebration, or a casual day outdoors, this Kids Boys Combo offers a complete ready-to-wear solution without the effort of mixing and matching. Every piece is carefully selected to complement the others, creating a polished look that reflects contemporary kids' fashion.
Designed with Purple United's commitment to premium quality and thoughtful craftsmanship, this coordinated outfit combines style, durability, and everyday practicality. Easy to wear, easy to maintain, and versatile across seasons, this Shop the Look combo is a wardrobe essential that keeps young trendsetters comfortable, confident, and ready for every adventure.",Apparel & Accessories > Clothing,Boys,,,,,,,,,,,Boys,2026,"Item Color: PBTSHS003138-BROWN-PBTROS000160-NAVY BLUE
Fabric: COTTON
Items Included in Packaging: 1 Combo Set
Commodity: Boy's Combo Set",NEW LAUNCH,,,,,,,,,,,,,,,,,,,,,,,kg,,,active
"Kids-Boys-Combo-|-Brown-Graphic-Tshirt,-Casual-Cargo-Trousers","Kids Boys Combo | Brown Graphic Tshirt, Casual Cargo Trousers ","Dress your little explorer in effortless style with this premium Purple United Kids Boys Combo, a thoughtfully coordinated Shop the Look outfit that blends modern design, everyday comfort, and functional versatility. This complete ensemble includes a brown graphic T-shirt, beige and cargo trousers,making it an ideal choice for active kids who love to move in style.
The brown half-sleeve T-shirt is crafted from soft, breathable fabric and features a bold typography graphic that lends a sporty, contemporary appeal. Designed for all-day comfort, its relaxed fit keeps kids cool and comfortable through every adventure.
Paired with the T-shirt are beige cargo trousers featuring spacious utility pockets, an elasticated waistband with an adjustable drawstring, and a relaxed silhouette. The cargo-inspired design offers the perfect balance of comfort, flexibility, and modern style, allowing unrestricted movement during play, travel, and everyday activities.
Whether it's a family outing, vacation, playdate, birthday celebration, or a casual day outdoors, this Kids Boys Combo offers a complete ready-to-wear solution without the effort of mixing and matching. Every piece is carefully selected to complement the others, creating a polished look that reflects contemporary kids' fashion.
Designed with Purple United's commitment to premium quality and thoughtful craftsmanship, this coordinated outfit combines style, durability, and everyday practicality. Easy to wear, easy to maintain, and versatile across seasons, this Shop the Look combo is a wardrobe essential that keeps young trendsetters comfortable, confident, and ready for every adventure.",Purple United Kids,Apparel & Accessories > Clothing,Combo Set,"Apparel, Combo Set, Boys, All Products, NEW LAUNCH",TRUE,T-Shirt,3-4Y,,Trouser,3-4Y,,,,,8905120267925-8905120586286,200,shopify,,deny,manual,1599,3199,TRUE,TRUE,,,,,PBTROS000160-NAVY BLUE-PBTSHS003138-BROWN,,,,FALSE,,,Apparel & Accessories > Clothing,Boys,,,,,,,,,,,Boys,2026,"Item Color: PBTSHS003138-BROWN-PBTROS000160-NAVY BLUE
Fabric: COTTON
Items Included in Packaging: 1 Combo Set
Commodity: Boy's Combo Set",NEW LAUNCH,,,,,,,,,,,,,,,,,,,,,,,kg,,,active
"Kids-Boys-Combo-|-Brown-Graphic-Tshirt,-Casual-Cargo-Trousers","Kids Boys Combo | Brown Graphic Tshirt, Casual Cargo Trousers ","Dress your little explorer in effortless style with this premium Purple United Kids Boys Combo, a thoughtfully coordinated Shop the Look outfit that blends modern design, everyday comfort, and functional versatility. This complete ensemble includes a brown graphic T-shirt, beige and cargo trousers,making it an ideal choice for active kids who love to move in style.
The brown half-sleeve T-shirt is crafted from soft, breathable fabric and features a bold typography graphic that lends a sporty, contemporary appeal. Designed for all-day comfort, its relaxed fit keeps kids cool and comfortable through every adventure.
Paired with the T-shirt are beige cargo trousers featuring spacious utility pockets, an elasticated waistband with an adjustable drawstring, and a relaxed silhouette. The cargo-inspired design offers the perfect balance of comfort, flexibility, and modern style, allowing unrestricted movement during play, travel, and everyday activities.
Whether it's a family outing, vacation, playdate, birthday celebration, or a casual day outdoors, this Kids Boys Combo offers a complete ready-to-wear solution without the effort of mixing and matching. Every piece is carefully selected to complement the others, creating a polished look that reflects contemporary kids' fashion.
Designed with Purple United's commitment to premium quality and thoughtful craftsmanship, this coordinated outfit combines style, durability, and everyday practicality. Easy to wear, easy to maintain, and versatile across seasons, this Shop the Look combo is a wardrobe essential that keeps young trendsetters comfortable, confident, and ready for every adventure.",Purple United Kids,Apparel & Accessories > Clothing,Combo Set,"Apparel, Combo Set, Boys, All Products, NEW LAUNCH",TRUE,T-Shirt,4-5Y,,Trouser,4-5Y,,,,,8905120267932-8905120586293,200,shopify,,deny,manual,1599,3199,TRUE,TRUE,,,,,PBTROS000160-NAVY BLUE-PBTSHS003138-BROWN,,,,FALSE,,,Apparel & Accessories > Clothing,Boys,,,,,,,,,,,Boys,2026,"Item Color: PBTSHS003138-BROWN-PBTROS000160-NAVY BLUE
Fabric: COTTON
Items Included in Packaging: 1 Combo Set
Commodity: Boy's Combo Set",NEW LAUNCH,,,,,,,,,,,,,,,,,,,,,,,kg,,,active
"Kids-Boys-Combo-|-Brown-Graphic-Tshirt,-Casual-Cargo-Trousers","Kids Boys Combo | Brown Graphic Tshirt, Casual Cargo Trousers ","Dress your little explorer in effortless style with this premium Purple United Kids Boys Combo, a thoughtfully coordinated Shop the Look outfit that blends modern design, everyday comfort, and functional versatility. This complete ensemble includes a brown graphic T-shirt, beige and cargo trousers,making it an ideal choice for active kids who love to move in style.
The brown half-sleeve T-shirt is crafted from soft, breathable fabric and features a bold typography graphic that lends a sporty, contemporary appeal. Designed for all-day comfort, its relaxed fit keeps kids cool and comfortable through every adventure.
Paired with the T-shirt are beige cargo trousers featuring spacious utility pockets, an elasticated waistband with an adjustable drawstring, and a relaxed silhouette. The cargo-inspired design offers the perfect balance of comfort, flexibility, and modern style, allowing unrestricted movement during play, travel, and everyday activities.
Whether it's a family outing, vacation, playdate, birthday celebration, or a casual day outdoors, this Kids Boys Combo offers a complete ready-to-wear solution without the effort of mixing and matching. Every piece is carefully selected to complement the others, creating a polished look that reflects contemporary kids' fashion.
Designed with Purple United's commitment to premium quality and thoughtful craftsmanship, this coordinated outfit combines style, durability, and everyday practicality. Easy to wear, easy to maintain, and versatile across seasons, this Shop the Look combo is a wardrobe essential that keeps young trendsetters comfortable, confident, and ready for every adventure.",Purple United Kids,Apparel & Accessories > Clothing,Combo Set,"Apparel, Combo Set, Boys, All Products, NEW LAUNCH",TRUE,T-Shirt,5-6Y,,Trouser,5-6Y,,,,,8905120267949-8905120586309,200,shopify,,deny,manual,1599,3199,TRUE,TRUE,,,,,PBTROS000160-NAVY BLUE-PBTSHS003138-BROWN,,,,FALSE,,,Apparel & Accessories > Clothing,Boys,,,,,,,,,,,Boys,2026,"Item Color: PBTSHS003138-BROWN-PBTROS000160-NAVY BLUE
Fabric: COTTON
Items Included in Packaging: 1 Combo Set
Commodity: Boy's Combo Set",NEW LAUNCH,,,,,,,,,,,,,,,,,,,,,,,kg,,,active
"Kids-Boys-Combo-|-Brown-Graphic-Tshirt,-Casual-Cargo-Trousers","Kids Boys Combo | Brown Graphic Tshirt, Casual Cargo Trousers ","Dress your little explorer in effortless style with this premium Purple United Kids Boys Combo, a thoughtfully coordinated Shop the Look outfit that blends modern design, everyday comfort, and functional versatility. This complete ensemble includes a brown graphic T-shirt, beige and cargo trousers,making it an ideal choice for active kids who love to move in style.
The brown half-sleeve T-shirt is crafted from soft, breathable fabric and features a bold typography graphic that lends a sporty, contemporary appeal. Designed for all-day comfort, its relaxed fit keeps kids cool and comfortable through every adventure.
Paired with the T-shirt are beige cargo trousers featuring spacious utility pockets, an elasticated waistband with an adjustable drawstring, and a relaxed silhouette. The cargo-inspired design offers the perfect balance of comfort, flexibility, and modern style, allowing unrestricted movement during play, travel, and everyday activities.
Whether it's a family outing, vacation, playdate, birthday celebration, or a casual day outdoors, this Kids Boys Combo offers a complete ready-to-wear solution without the effort of mixing and matching. Every piece is carefully selected to complement the others, creating a polished look that reflects contemporary kids' fashion.
Designed with Purple United's commitment to premium quality and thoughtful craftsmanship, this coordinated outfit combines style, durability, and everyday practicality. Easy to wear, easy to maintain, and versatile across seasons, this Shop the Look combo is a wardrobe essential that keeps young trendsetters comfortable, confident, and ready for every adventure.",Purple United Kids,Apparel & Accessories > Clothing,Combo Set,"Apparel, Combo Set, Boys, All Products, NEW LAUNCH",TRUE,T-Shirt,7-8Y,,Trouser,7-8Y,,,,,8905120267956-8905120586316,200,shopify,,deny,manual,1599,3199,TRUE,TRUE,,,,,PBTROS000160-NAVY BLUE-PBTSHS003138-BROWN,,,,FALSE,,,Apparel & Accessories > Clothing,Boys,,,,,,,,,,,Boys,2026,"Item Color: PBTSHS003138-BROWN-PBTROS000160-NAVY BLUE
Fabric: COTTON
Items Included in Packaging: 1 Combo Set
Commodity: Boy's Combo Set",NEW LAUNCH,,,,,,,,,,,,,,,,,,,,,,,kg,,,active
"Kids-Boys-Combo-|-Brown-Graphic-Tshirt,-Casual-Cargo-Trousers","Kids Boys Combo | Brown Graphic Tshirt, Casual Cargo Trousers ","Dress your little explorer in effortless style with this premium Purple United Kids Boys Combo, a thoughtfully coordinated Shop the Look outfit that blends modern design, everyday comfort, and functional versatility. This complete ensemble includes a brown graphic T-shirt, beige and cargo trousers,making it an ideal choice for active kids who love to move in style.
The brown half-sleeve T-shirt is crafted from soft, breathable fabric and features a bold typography graphic that lends a sporty, contemporary appeal. Designed for all-day comfort, its relaxed fit keeps kids cool and comfortable through every adventure.
Paired with the T-shirt are beige cargo trousers featuring spacious utility pockets, an elasticated waistband with an adjustable drawstring, and a relaxed silhouette. The cargo-inspired design offers the perfect balance of comfort, flexibility, and modern style, allowing unrestricted movement during play, travel, and everyday activities.
Whether it's a family outing, vacation, playdate, birthday celebration, or a casual day outdoors, this Kids Boys Combo offers a complete ready-to-wear solution without the effort of mixing and matching. Every piece is carefully selected to complement the others, creating a polished look that reflects contemporary kids' fashion.
Designed with Purple United's commitment to premium quality and thoughtful craftsmanship, this coordinated outfit combines style, durability, and everyday practicality. Easy to wear, easy to maintain, and versatile across seasons, this Shop the Look combo is a wardrobe essential that keeps young trendsetters comfortable, confident, and ready for every adventure.",Purple United Kids,Apparel & Accessories > Clothing,Combo Set,"Apparel, Combo Set, Boys, All Products, NEW LAUNCH",TRUE,T-Shirt,9-10Y,,Trouser,9-10Y,,,,,8905120267963-8905120586323,200,shopify,,deny,manual,1599,3199,TRUE,TRUE,,,,,PBTROS000160-NAVY BLUE-PBTSHS003138-BROWN,,,,FALSE,,,Apparel & Accessories > Clothing,Boys,,,,,,,,,,,Boys,2026,"Item Color: PBTSHS003138-BROWN-PBTROS000160-NAVY BLUE
Fabric: COTTON
Items Included in Packaging: 1 Combo Set
Commodity: Boy's Combo Set",NEW LAUNCH,,,,,,,,,,,,,,,,,,,,,,,kg,,,active
"Kids-Boys-Combo-|-Brown-Graphic-Tshirt,-Casual-Cargo-Trousers","Kids Boys Combo | Brown Graphic Tshirt, Casual Cargo Trousers ","Dress your little explorer in effortless style with this premium Purple United Kids Boys Combo, a thoughtfully coordinated Shop the Look outfit that blends modern design, everyday comfort, and functional versatility. This complete ensemble includes a brown graphic T-shirt, beige and cargo trousers,making it an ideal choice for active kids who love to move in style.
The brown half-sleeve T-shirt is crafted from soft, breathable fabric and features a bold typography graphic that lends a sporty, contemporary appeal. Designed for all-day comfort, its relaxed fit keeps kids cool and comfortable through every adventure.
Paired with the T-shirt are beige cargo trousers featuring spacious utility pockets, an elasticated waistband with an adjustable drawstring, and a relaxed silhouette. The cargo-inspired design offers the perfect balance of comfort, flexibility, and modern style, allowing unrestricted movement during play, travel, and everyday activities.
Whether it's a family outing, vacation, playdate, birthday celebration, or a casual day outdoors, this Kids Boys Combo offers a complete ready-to-wear solution without the effort of mixing and matching. Every piece is carefully selected to complement the others, creating a polished look that reflects contemporary kids' fashion.
Designed with Purple United's commitment to premium quality and thoughtful craftsmanship, this coordinated outfit combines style, durability, and everyday practicality. Easy to wear, easy to maintain, and versatile across seasons, this Shop the Look combo is a wardrobe essential that keeps young trendsetters comfortable, confident, and ready for every adventure.",Purple United Kids,Apparel & Accessories > Clothing,Combo Set,"Apparel, Combo Set, Boys, All Products, NEW LAUNCH",TRUE,T-Shirt,11-12Y,,Trouser,11-12Y,,,,,8905120267970-8905120586330,200,shopify,,deny,manual,1599,3199,TRUE,TRUE,,,,,PBTROS000160-NAVY BLUE-PBTSHS003138-BROWN,,,,FALSE,,,Apparel & Accessories > Clothing,Boys,,,,,,,,,,,Boys,2026,"Item Color: PBTSHS003138-BROWN-PBTROS000160-NAVY BLUE
Fabric: COTTON
Items Included in Packaging: 1 Combo Set
Commodity: Boy's Combo Set",NEW LAUNCH,,,,,,,,,,,,,,,,,,,,,,,kg,,,active
"Kids-Boys-Combo-|-Brown-Graphic-Tshirt,-Casual-Cargo-Trousers","Kids Boys Combo | Brown Graphic Tshirt, Casual Cargo Trousers ","Dress your little explorer in effortless style with this premium Purple United Kids Boys Combo, a thoughtfully coordinated Shop the Look outfit that blends modern design, everyday comfort, and functional versatility. This complete ensemble includes a brown graphic T-shirt, beige and cargo trousers,making it an ideal choice for active kids who love to move in style.
The brown half-sleeve T-shirt is crafted from soft, breathable fabric and features a bold typography graphic that lends a sporty, contemporary appeal. Designed for all-day comfort, its relaxed fit keeps kids cool and comfortable through every adventure.
Paired with the T-shirt are beige cargo trousers featuring spacious utility pockets, an elasticated waistband with an adjustable drawstring, and a relaxed silhouette. The cargo-inspired design offers the perfect balance of comfort, flexibility, and modern style, allowing unrestricted movement during play, travel, and everyday activities.
Whether it's a family outing, vacation, playdate, birthday celebration, or a casual day outdoors, this Kids Boys Combo offers a complete ready-to-wear solution without the effort of mixing and matching. Every piece is carefully selected to complement the others, creating a polished look that reflects contemporary kids' fashion.
Designed with Purple United's commitment to premium quality and thoughtful craftsmanship, this coordinated outfit combines style, durability, and everyday practicality. Easy to wear, easy to maintain, and versatile across seasons, this Shop the Look combo is a wardrobe essential that keeps young trendsetters comfortable, confident, and ready for every adventure.",Purple United Kids,Apparel & Accessories > Clothing,Combo Set,"Apparel, Combo Set, Boys, All Products, NEW LAUNCH",TRUE,T-Shirt,13-14Y,,Trouser,13-14Y,,,,,8905120267987-8905120586347,200,shopify,,deny,manual,1599,3199,TRUE,TRUE,,,,,PBTROS000160-NAVY BLUE-PBTSHS003138-BROWN,,,,FALSE,,,Apparel & Accessories > Clothing,Boys,,,,,,,,,,,Boys,2026,"Item Color: PBTSHS003138-BROWN-PBTROS000160-NAVY BLUE
Fabric: COTTON
Items Included in Packaging: 1 Combo Set
Commodity: Boy's Combo Set",NEW LAUNCH,,,,,,,,,,,,,,,,,,,,,,,kg,,,active
"Kids-Boys-Combo-|-Active-Play-Ready-Tshirt,-Casual-Cargo-Trousers","Kids Boys Combo | Active Play-Ready Tshirt, Casual Cargo Trousers","Refresh your little one's wardrobe with this premium Purple United Kids Boys Combo, a thoughtfully curated Shop the Look outfit designed for kids who love comfort, movement, and effortless style. This coordinated ensemble includes an orange Surf Rider graphic Tshirt and olive cargo trousers, creating a vibrant, adventure-ready look for every occasion.
The orange half-sleeve Tshirt is crafted from soft, breathable fabric and features a playful Surf Rider graphic inspired by fun-filled outdoor adventures. Its lightweight construction and comfortable fit keep kids cool and relaxed throughout the day, making it an ideal choice for casual outings, vacations, and everyday wear.
Complementing the Tshirt are olive cargo trousers designed with functional utility pockets, an elasticated waistband with an adjustable drawstring, and a relaxed fit that allows unrestricted movement. Combining everyday practicality with modern styling, the trousers are perfect for active kids who need both comfort and versatility.
Whether it's a family outing, holiday, birthday celebration, playdate, or weekend adventure, this Kids Boys Combo offers a complete ready-to-style outfit without the hassle of pairing individual pieces. Every element is thoughtfully coordinated to deliver a balanced blend of premium craftsmanship, contemporary kids' fashion, and lasting comfort. Designed with Purple United's commitment to quality and style, this Shop the Look combo is a wardrobe essential for young explorers who are always ready for their next adventure.",Purple United Kids,Apparel & Accessories > Clothing,Combo Set,"Apparel, Combo Set, Boys, All Products, NEW LAUNCH",TRUE,T-Shirt,2-3Y,,Trouser,2-3Y,,,,,8905120322600-8905120596698,200,shopify,,deny,manual,1599,3199,TRUE,TRUE,,,,,PBTROS000160-OLIVE-PBTSHS003580-ORANGE,,,,FALSE,"Kids Boys Combo | Active Play-Ready Tshirt, Casual Cargo Trousers","Refresh your little one's wardrobe with this premium Purple United Kids Boys Combo, a thoughtfully curated Shop the Look outfit designed for kids who love comfort, movement, and effortless style. This coordinated ensemble includes an orange Surf Rider graphic Tshirt and olive cargo trousers, creating a vibrant, adventure-ready look for every occasion.
The orange half-sleeve Tshirt is crafted from soft, breathable fabric and features a playful Surf Rider graphic inspired by fun-filled outdoor adventures. Its lightweight construction and comfortable fit keep kids cool and relaxed throughout the day, making it an ideal choice for casual outings, vacations, and everyday wear.
Complementing the Tshirt are olive cargo trousers designed with functional utility pockets, an elasticated waistband with an adjustable drawstring, and a relaxed fit that allows unrestricted movement. Combining everyday practicality with modern styling, the trousers are perfect for active kids who need both comfort and versatility.
Whether it's a family outing, holiday, birthday celebration, playdate, or weekend adventure, this Kids Boys Combo offers a complete ready-to-style outfit without the hassle of pairing individual pieces. Every element is thoughtfully coordinated to deliver a balanced blend of premium craftsmanship, contemporary kids' fashion, and lasting comfort. Designed with Purple United's commitment to quality and style, this Shop the Look combo is a wardrobe essential for young explorers who are always ready for their next adventure.",Apparel & Accessories > Clothing,Boys,,,,,,,,,,,Boys,2026,"Item Color: PBTSHS003580-ORANGE-PBTROS000160-OLIVE
Fabric: COTTON
Items Included in Packaging: 1 Combo Set
Commodity: Boy's Combo Set",NEW LAUNCH,,,,,,,,,,,,,,,,,,,,,,,kg,,,active
"Kids-Boys-Combo-|-Active-Play-Ready-Tshirt,-Casual-Cargo-Trousers","Kids Boys Combo | Active Play-Ready Tshirt, Casual Cargo Trousers","Refresh your little one's wardrobe with this premium Purple United Kids Boys Combo, a thoughtfully curated Shop the Look outfit designed for kids who love comfort, movement, and effortless style. This coordinated ensemble includes an orange Surf Rider graphic Tshirt and olive cargo trousers, creating a vibrant, adventure-ready look for every occasion.
The orange half-sleeve Tshirt is crafted from soft, breathable fabric and features a playful Surf Rider graphic inspired by fun-filled outdoor adventures. Its lightweight construction and comfortable fit keep kids cool and relaxed throughout the day, making it an ideal choice for casual outings, vacations, and everyday wear.
Complementing the Tshirt are olive cargo trousers designed with functional utility pockets, an elasticated waistband with an adjustable drawstring, and a relaxed fit that allows unrestricted movement. Combining everyday practicality with modern styling, the trousers are perfect for active kids who need both comfort and versatility.
Whether it's a family outing, holiday, birthday celebration, playdate, or weekend adventure, this Kids Boys Combo offers a complete ready-to-style outfit without the hassle of pairing individual pieces. Every element is thoughtfully coordinated to deliver a balanced blend of premium craftsmanship, contemporary kids' fashion, and lasting comfort. Designed with Purple United's commitment to quality and style, this Shop the Look combo is a wardrobe essential for young explorers who are always ready for their next adventure.",Purple United Kids,Apparel & Accessories > Clothing,Combo Set,"Apparel, Combo Set, Boys, All Products, NEW LAUNCH",TRUE,T-Shirt,3-4Y,,Trouser,3-4Y,,,,,8905120322617-8905120596704,200,shopify,,deny,manual,1599,3199,TRUE,TRUE,,,,,PBTROS000160-OLIVE-PBTSHS003580-ORANGE,,,,FALSE,,,Apparel & Accessories > Clothing,Boys,,,,,,,,,,,Boys,2026,"Item Color: PBTSHS003580-ORANGE-PBTROS000160-OLIVE
Fabric: COTTON
Items Included in Packaging: 1 Combo Set
Commodity: Boy's Combo Set",NEW LAUNCH,,,,,,,,,,,,,,,,,,,,,,,kg,,,active
"Kids-Boys-Combo-|-Active-Play-Ready-Tshirt,-Casual-Cargo-Trousers","Kids Boys Combo | Active Play-Ready Tshirt, Casual Cargo Trousers","Refresh your little one's wardrobe with this premium Purple United Kids Boys Combo, a thoughtfully curated Shop the Look outfit designed for kids who love comfort, movement, and effortless style. This coordinated ensemble includes an orange Surf Rider graphic Tshirt and olive cargo trousers, creating a vibrant, adventure-ready look for every occasion.
The orange half-sleeve Tshirt is crafted from soft, breathable fabric and features a playful Surf Rider graphic inspired by fun-filled outdoor adventures. Its lightweight construction and comfortable fit keep kids cool and relaxed throughout the day, making it an ideal choice for casual outings, vacations, and everyday wear.
Complementing the Tshirt are olive cargo trousers designed with functional utility pockets, an elasticated waistband with an adjustable drawstring, and a relaxed fit that allows unrestricted movement. Combining everyday practicality with modern styling, the trousers are perfect for active kids who need both comfort and versatility.
Whether it's a family outing, holiday, birthday celebration, playdate, or weekend adventure, this Kids Boys Combo offers a complete ready-to-style outfit without the hassle of pairing individual pieces. Every element is thoughtfully coordinated to deliver a balanced blend of premium craftsmanship, contemporary kids' fashion, and lasting comfort. Designed with Purple United's commitment to quality and style, this Shop the Look combo is a wardrobe essential for young explorers who are always ready for their next adventure.",Purple United Kids,Apparel & Accessories > Clothing,Combo Set,"Apparel, Combo Set, Boys, All Products, NEW LAUNCH",TRUE,T-Shirt,4-5Y,,Trouser,4-5Y,,,,,8905120322624-8905120596711,200,shopify,,deny,manual,1599,3199,TRUE,TRUE,,,,,PBTROS000160-OLIVE-PBTSHS003580-ORANGE,,,,FALSE,,,Apparel & Accessories > Clothing,Boys,,,,,,,,,,,Boys,2026,"Item Color: PBTSHS003580-ORANGE-PBTROS000160-OLIVE
Fabric: COTTON
Items Included in Packaging: 1 Combo Set
Commodity: Boy's Combo Set",NEW LAUNCH,,,,,,,,,,,,,,,,,,,,,,,kg,,,active
"Kids-Boys-Combo-|-Active-Play-Ready-Tshirt,-Casual-Cargo-Trousers","Kids Boys Combo | Active Play-Ready Tshirt, Casual Cargo Trousers","Refresh your little one's wardrobe with this premium Purple United Kids Boys Combo, a thoughtfully curated Shop the Look outfit designed for kids who love comfort, movement, and effortless style. This coordinated ensemble includes an orange Surf Rider graphic Tshirt and olive cargo trousers, creating a vibrant, adventure-ready look for every occasion.
The orange half-sleeve Tshirt is crafted from soft, breathable fabric and features a playful Surf Rider graphic inspired by fun-filled outdoor adventures. Its lightweight construction and comfortable fit keep kids cool and relaxed throughout the day, making it an ideal choice for casual outings, vacations, and everyday wear.
Complementing the Tshirt are olive cargo trousers designed with functional utility pockets, an elasticated waistband with an adjustable drawstring, and a relaxed fit that allows unrestricted movement. Combining everyday practicality with modern styling, the trousers are perfect for active kids who need both comfort and versatility.
Whether it's a family outing, holiday, birthday celebration, playdate, or weekend adventure, this Kids Boys Combo offers a complete ready-to-style outfit without the hassle of pairing individual pieces. Every element is thoughtfully coordinated to deliver a balanced blend of premium craftsmanship, contemporary kids' fashion, and lasting comfort. Designed with Purple United's commitment to quality and style, this Shop the Look combo is a wardrobe essential for young explorers who are always ready for their next adventure.",Purple United Kids,Apparel & Accessories > Clothing,Combo Set,"Apparel, Combo Set, Boys, All Products, NEW LAUNCH",TRUE,T-Shirt,5-6Y,,Trouser,5-6Y,,,,,8905120322631-8905120596728,200,shopify,,deny,manual,1599,3199,TRUE,TRUE,,,,,PBTROS000160-OLIVE-PBTSHS003580-ORANGE,,,,FALSE,,,Apparel & Accessories > Clothing,Boys,,,,,,,,,,,Boys,2026,"Item Color: PBTSHS003580-ORANGE-PBTROS000160-OLIVE
Fabric: COTTON
Items Included in Packaging: 1 Combo Set
Commodity: Boy's Combo Set",NEW LAUNCH,,,,,,,,,,,,,,,,,,,,,,,kg,,,active
"Kids-Boys-Combo-|-Active-Play-Ready-Tshirt,-Casual-Cargo-Trousers","Kids Boys Combo | Active Play-Ready Tshirt, Casual Cargo Trousers","Refresh your little one's wardrobe with this premium Purple United Kids Boys Combo, a thoughtfully curated Shop the Look outfit designed for kids who love comfort, movement, and effortless style. This coordinated ensemble includes an orange Surf Rider graphic Tshirt and olive cargo trousers, creating a vibrant, adventure-ready look for every occasion.
The orange half-sleeve Tshirt is crafted from soft, breathable fabric and features a playful Surf Rider graphic inspired by fun-filled outdoor adventures. Its lightweight construction and comfortable fit keep kids cool and relaxed throughout the day, making it an ideal choice for casual outings, vacations, and everyday wear.
Complementing the Tshirt are olive cargo trousers designed with functional utility pockets, an elasticated waistband with an adjustable drawstring, and a relaxed fit that allows unrestricted movement. Combining everyday practicality with modern styling, the trousers are perfect for active kids who need both comfort and versatility.
Whether it's a family outing, holiday, birthday celebration, playdate, or weekend adventure, this Kids Boys Combo offers a complete ready-to-style outfit without the hassle of pairing individual pieces. Every element is thoughtfully coordinated to deliver a balanced blend of premium craftsmanship, contemporary kids' fashion, and lasting comfort. Designed with Purple United's commitment to quality and style, this Shop the Look combo is a wardrobe essential for young explorers who are always ready for their next adventure.",Purple United Kids,Apparel & Accessories > Clothing,Combo Set,"Apparel, Combo Set, Boys, All Products, NEW LAUNCH",TRUE,T-Shirt,7-8Y,,Trouser,7-8Y,,,,,8905120322648-8905120596735,200,shopify,,deny,manual,1599,3199,TRUE,TRUE,,,,,PBTROS000160-OLIVE-PBTSHS003580-ORANGE,,,,FALSE,,,Apparel & Accessories > Clothing,Boys,,,,,,,,,,,Boys,2026,"Item Color: PBTSHS003580-ORANGE-PBTROS000160-OLIVE
Fabric: COTTON
Items Included in Packaging: 1 Combo Set
Commodity: Boy's Combo Set",NEW LAUNCH,,,,,,,,,,,,,,,,,,,,,,,kg,,,active
"Kids-Boys-Combo-|-Active-Play-Ready-Tshirt,-Casual-Cargo-Trousers","Kids Boys Combo | Active Play-Ready Tshirt, Casual Cargo Trousers","Refresh your little one's wardrobe with this premium Purple United Kids Boys Combo, a thoughtfully curated Shop the Look outfit designed for kids who love comfort, movement, and effortless style. This coordinated ensemble includes an orange Surf Rider graphic Tshirt and olive cargo trousers, creating a vibrant, adventure-ready look for every occasion.
The orange half-sleeve Tshirt is crafted from soft, breathable fabric and features a playful Surf Rider graphic inspired by fun-filled outdoor adventures. Its lightweight construction and comfortable fit keep kids cool and relaxed throughout the day, making it an ideal choice for casual outings, vacations, and everyday wear.
Complementing the Tshirt are olive cargo trousers designed with functional utility pockets, an elasticated waistband with an adjustable drawstring, and a relaxed fit that allows unrestricted movement. Combining everyday practicality with modern styling, the trousers are perfect for active kids who need both comfort and versatility.
Whether it's a family outing, holiday, birthday celebration, playdate, or weekend adventure, this Kids Boys Combo offers a complete ready-to-style outfit without the hassle of pairing individual pieces. Every element is thoughtfully coordinated to deliver a balanced blend of premium craftsmanship, contemporary kids' fashion, and lasting comfort. Designed with Purple United's commitment to quality and style, this Shop the Look combo is a wardrobe essential for young explorers who are always ready for their next adventure.",Purple United Kids,Apparel & Accessories > Clothing,Combo Set,"Apparel, Combo Set, Boys, All Products, NEW LAUNCH",TRUE,T-Shirt,9-10Y,,Trouser,9-10Y,,,,,8905120322655-8905120596742,200,shopify,,deny,manual,1599,3199,TRUE,TRUE,,,,,PBTROS000160-OLIVE-PBTSHS003580-ORANGE,,,,FALSE,,,Apparel & Accessories > Clothing,Boys,,,,,,,,,,,Boys,2026,"Item Color: PBTSHS003580-ORANGE-PBTROS000160-OLIVE
Fabric: COTTON
Items Included in Packaging: 1 Combo Set
Commodity: Boy's Combo Set",NEW LAUNCH,,,,,,,,,,,,,,,,,,,,,,,kg,,,active
"Kids-Boys-Combo-|-Active-Play-Ready-Tshirt,-Casual-Cargo-Trousers","Kids Boys Combo | Active Play-Ready Tshirt, Casual Cargo Trousers","Refresh your little one's wardrobe with this premium Purple United Kids Boys Combo, a thoughtfully curated Shop the Look outfit designed for kids who love comfort, movement, and effortless style. This coordinated ensemble includes an orange Surf Rider graphic Tshirt and olive cargo trousers, creating a vibrant, adventure-ready look for every occasion.
The orange half-sleeve Tshirt is crafted from soft, breathable fabric and features a playful Surf Rider graphic inspired by fun-filled outdoor adventures. Its lightweight construction and comfortable fit keep kids cool and relaxed throughout the day, making it an ideal choice for casual outings, vacations, and everyday wear.
Complementing the Tshirt are olive cargo trousers designed with functional utility pockets, an elasticated waistband with an adjustable drawstring, and a relaxed fit that allows unrestricted movement. Combining everyday practicality with modern styling, the trousers are perfect for active kids who need both comfort and versatility.
Whether it's a family outing, holiday, birthday celebration, playdate, or weekend adventure, this Kids Boys Combo offers a complete ready-to-style outfit without the hassle of pairing individual pieces. Every element is thoughtfully coordinated to deliver a balanced blend of premium craftsmanship, contemporary kids' fashion, and lasting comfort. Designed with Purple United's commitment to quality and style, this Shop the Look combo is a wardrobe essential for young explorers who are always ready for their next adventure.",Purple United Kids,Apparel & Accessories > Clothing,Combo Set,"Apparel, Combo Set, Boys, All Products, NEW LAUNCH",TRUE,T-Shirt,11-12Y,,Trouser,11-12Y,,,,,8905120322662-8905120596759,200,shopify,,deny,manual,1599,3199,TRUE,TRUE,,,,,PBTROS000160-OLIVE-PBTSHS003580-ORANGE,,,,FALSE,,,Apparel & Accessories > Clothing,Boys,,,,,,,,,,,Boys,2026,"Item Color: PBTSHS003580-ORANGE-PBTROS000160-OLIVE
Fabric: COTTON
Items Included in Packaging: 1 Combo Set
Commodity: Boy's Combo Set",NEW LAUNCH,,,,,,,,,,,,,,,,,,,,,,,kg,,,active
"Kids-Boys-Combo-|-Active-Play-Ready-Tshirt,-Casual-Cargo-Trousers","Kids Boys Combo | Active Play-Ready Tshirt, Casual Cargo Trousers","Refresh your little one's wardrobe with this premium Purple United Kids Boys Combo, a thoughtfully curated Shop the Look outfit designed for kids who love comfort, movement, and effortless style. This coordinated ensemble includes an orange Surf Rider graphic Tshirt and olive cargo trousers, creating a vibrant, adventure-ready look for every occasion.
The orange half-sleeve Tshirt is crafted from soft, breathable fabric and features a playful Surf Rider graphic inspired by fun-filled outdoor adventures. Its lightweight construction and comfortable fit keep kids cool and relaxed throughout the day, making it an ideal choice for casual outings, vacations, and everyday wear.
Complementing the Tshirt are olive cargo trousers designed with functional utility pockets, an elasticated waistband with an adjustable drawstring, and a relaxed fit that allows unrestricted movement. Combining everyday practicality with modern styling, the trousers are perfect for active kids who need both comfort and versatility.
Whether it's a family outing, holiday, birthday celebration, playdate, or weekend adventure, this Kids Boys Combo offers a complete ready-to-style outfit without the hassle of pairing individual pieces. Every element is thoughtfully coordinated to deliver a balanced blend of premium craftsmanship, contemporary kids' fashion, and lasting comfort. Designed with Purple United's commitment to quality and style, this Shop the Look combo is a wardrobe essential for young explorers who are always ready for their next adventure.",Purple United Kids,Apparel & Accessories > Clothing,Combo Set,"Apparel, Combo Set, Boys, All Products, NEW LAUNCH",TRUE,T-Shirt,13-14Y,,Trouser,13-14Y,,,,,8905120322679-8905120596766,200,shopify,,deny,manual,1599,3199,TRUE,TRUE,,,,,PBTROS000160-OLIVE-PBTSHS003580-ORANGE,,,,FALSE,,,Apparel & Accessories > Clothing,Boys,,,,,,,,,,,Boys,2026,"Item Color: PBTSHS003580-ORANGE-PBTROS000160-OLIVE
Fabric: COTTON
Items Included in Packaging: 1 Combo Set
Commodity: Boy's Combo Set",NEW LAUNCH,,,,,,,,,,,,,,,,,,,,,,,kg,,,active
"Kids-Boys-Combo-|-Beige-Ombre-Tshirt,-Beige-Cargo-Trousers","Kids Boys Combo | Beige Ombre Tshirt, Beige Cargo Trousers","Upgrade your little one's wardrobe with this premium Purple United Kids Boys Combo, a thoughtfully coordinated Shop the Look outfit that blends contemporary design, lasting comfort, and everyday versatility. This stylish ensemble includes a beige ombre graphic Tshirt, beige and cargo trousers creating a polished head-to-toe look for every occasion.
The beige half-sleeve Tshirt is crafted from soft, breathable fabric and enhanced with a modern ombre effect and subtle graphic detail that adds a refined sporty appeal. Its lightweight feel and comfortable fit make it ideal for everyday wear, vacations, casual outings, and weekend adventures.
Complementing the Tshirt are beige cargo trousers featuring spacious utility pockets, an elasticated waistband with an adjustable drawstring, and a relaxed silhouette that allows unrestricted movement. Designed for active kids, the cargo styling combines functionality with modern fashion, making it a versatile wardrobe essential.
Whether it's a family outing, holiday, birthday celebration, playdate, or everyday adventure, this Kids Boys Combo offers a complete ready-to-style outfit without the effort of matching separate pieces. Every element is carefully selected to deliver a seamless balance of premium craftsmanship, comfort, durability, and contemporary kids' fashion.
Designed with Purple United's commitment to quality and style, this Shop the Look combo is made for young explorers who value confidence, comfort, and effortless dressing. Easy to wear, easy to maintain, and versatile across seasons, it is a premium wardrobe essential for every active kid.",Purple United Kids,Apparel & Accessories > Clothing,Combo Set,"Apparel, Combo Set, Boys, All Products, NEW LAUNCH",TRUE,T-Shirt,2-3Y,,Trouser,2-3Y,,,,,8905120267833-8905120586071A,200,shopify,,deny,manual,1799,3599,TRUE,TRUE,,,,,PBTROS000160-BEIGE-PBTSHS003137-BEIGE,,,,FALSE,"Kids Boys Combo | Beige Ombre Tshirt, Beige Cargo Trousers","Upgrade your little one's wardrobe with this premium Purple United Kids Boys Combo, a thoughtfully coordinated Shop the Look outfit that blends contemporary design, lasting comfort, and everyday versatility. This stylish ensemble includes a beige ombre graphic Tshirt, beige and cargo trousers creating a polished head-to-toe look for every occasion.
The beige half-sleeve Tshirt is crafted from soft, breathable fabric and enhanced with a modern ombre effect and subtle graphic detail that adds a refined sporty appeal. Its lightweight feel and comfortable fit make it ideal for everyday wear, vacations, casual outings, and weekend adventures.
Complementing the Tshirt are beige cargo trousers featuring spacious utility pockets, an elasticated waistband with an adjustable drawstring, and a relaxed silhouette that allows unrestricted movement. Designed for active kids, the cargo styling combines functionality with modern fashion, making it a versatile wardrobe essential.
Whether it's a family outing, holiday, birthday celebration, playdate, or everyday adventure, this Kids Boys Combo offers a complete ready-to-style outfit without the effort of matching separate pieces. Every element is carefully selected to deliver a seamless balance of premium craftsmanship, comfort, durability, and contemporary kids' fashion.
Designed with Purple United's commitment to quality and style, this Shop the Look combo is made for young explorers who value confidence, comfort, and effortless dressing. Easy to wear, easy to maintain, and versatile across seasons, it is a premium wardrobe essential for every active kid.",Apparel & Accessories > Clothing,Boys,,,,,,,,,,,Boys,2026,"Item Color: PBTSHS003137-BEIGE-PBTROS000160-BEIGE
Fabric: COTTON
Items Included in Packaging: 1 Combo Set
Commodity: Boy's Combo Set",NEW LAUNCH,,,,,,,,,,,,,,,,,,,,,,,kg,,,active
"Kids-Boys-Combo-|-Beige-Ombre-Tshirt,-Beige-Cargo-Trousers","Kids Boys Combo | Beige Ombre Tshirt, Beige Cargo Trousers","Upgrade your little one's wardrobe with this premium Purple United Kids Boys Combo, a thoughtfully coordinated Shop the Look outfit that blends contemporary design, lasting comfort, and everyday versatility. This stylish ensemble includes a beige ombre graphic Tshirt, beige and cargo trousers creating a polished head-to-toe look for every occasion.
The beige half-sleeve Tshirt is crafted from soft, breathable fabric and enhanced with a modern ombre effect and subtle graphic detail that adds a refined sporty appeal. Its lightweight feel and comfortable fit make it ideal for everyday wear, vacations, casual outings, and weekend adventures.
Complementing the Tshirt are beige cargo trousers featuring spacious utility pockets, an elasticated waistband with an adjustable drawstring, and a relaxed silhouette that allows unrestricted movement. Designed for active kids, the cargo styling combines functionality with modern fashion, making it a versatile wardrobe essential.
Whether it's a family outing, holiday, birthday celebration, playdate, or everyday adventure, this Kids Boys Combo offers a complete ready-to-style outfit without the effort of matching separate pieces. Every element is carefully selected to deliver a seamless balance of premium craftsmanship, comfort, durability, and contemporary kids' fashion.
Designed with Purple United's commitment to quality and style, this Shop the Look combo is made for young explorers who value confidence, comfort, and effortless dressing. Easy to wear, easy to maintain, and versatile across seasons, it is a premium wardrobe essential for every active kid.",Purple United Kids,Apparel & Accessories > Clothing,Combo Set,"Apparel, Combo Set, Boys, All Products, NEW LAUNCH",TRUE,T-Shirt,3-4Y,,Trouser,3-4Y,,,,,8905120267840-8905120586088A,200,shopify,,deny,manual,1799,3599,TRUE,TRUE,,,,,PBTROS000160-BEIGE-PBTSHS003137-BEIGE,,,,FALSE,,,Apparel & Accessories > Clothing,Boys,,,,,,,,,,,Boys,2026,"Item Color: PBTSHS003137-BEIGE-PBTROS000160-BEIGE
Fabric: COTTON
Items Included in Packaging: 1 Combo Set
Commodity: Boy's Combo Set",NEW LAUNCH,,,,,,,,,,,,,,,,,,,,,,,kg,,,active
"Kids-Boys-Combo-|-Beige-Ombre-Tshirt,-Beige-Cargo-Trousers","Kids Boys Combo | Beige Ombre Tshirt, Beige Cargo Trousers","Upgrade your little one's wardrobe with this premium Purple United Kids Boys Combo, a thoughtfully coordinated Shop the Look outfit that blends contemporary design, lasting comfort, and everyday versatility. This stylish ensemble includes a beige ombre graphic Tshirt, beige and cargo trousers creating a polished head-to-toe look for every occasion.
The beige half-sleeve Tshirt is crafted from soft, breathable fabric and enhanced with a modern ombre effect and subtle graphic detail that adds a refined sporty appeal. Its lightweight feel and comfortable fit make it ideal for everyday wear, vacations, casual outings, and weekend adventures.
Complementing the Tshirt are beige cargo trousers featuring spacious utility pockets, an elasticated waistband with an adjustable drawstring, and a relaxed silhouette that allows unrestricted movement. Designed for active kids, the cargo styling combines functionality with modern fashion, making it a versatile wardrobe essential.
Whether it's a family outing, holiday, birthday celebration, playdate, or everyday adventure, this Kids Boys Combo offers a complete ready-to-style outfit without the effort of matching separate pieces. Every element is carefully selected to deliver a seamless balance of premium craftsmanship, comfort, durability, and contemporary kids' fashion.
Designed with Purple United's commitment to quality and style, this Shop the Look combo is made for young explorers who value confidence, comfort, and effortless dressing. Easy to wear, easy to maintain, and versatile across seasons, it is a premium wardrobe essential for every active kid.",Purple United Kids,Apparel & Accessories > Clothing,Combo Set,"Apparel, Combo Set, Boys, All Products, NEW LAUNCH",TRUE,T-Shirt,4-5Y,,Trouser,4-5Y,,,,,8905120267857-8905120586095A,200,shopify,,deny,manual,1799,3599,TRUE,TRUE,,,,,PBTROS000160-BEIGE-PBTSHS003137-BEIGE,,,,FALSE,,,Apparel & Accessories > Clothing,Boys,,,,,,,,,,,Boys,2026,"Item Color: PBTSHS003137-BEIGE-PBTROS000160-BEIGE
Fabric: COTTON
Items Included in Packaging: 1 Combo Set
Commodity: Boy's Combo Set",NEW LAUNCH,,,,,,,,,,,,,,,,,,,,,,,kg,,,active
"Kids-Boys-Combo-|-Beige-Ombre-Tshirt,-Beige-Cargo-Trousers","Kids Boys Combo | Beige Ombre Tshirt, Beige Cargo Trousers","Upgrade your little one's wardrobe with this premium Purple United Kids Boys Combo, a thoughtfully coordinated Shop the Look outfit that blends contemporary design, lasting comfort, and everyday versatility. This stylish ensemble includes a beige ombre graphic Tshirt, beige and cargo trousers creating a polished head-to-toe look for every occasion.
The beige half-sleeve Tshirt is crafted from soft, breathable fabric and enhanced with a modern ombre effect and subtle graphic detail that adds a refined sporty appeal. Its lightweight feel and comfortable fit make it ideal for everyday wear, vacations, casual outings, and weekend adventures.
Complementing the Tshirt are beige cargo trousers featuring spacious utility pockets, an elasticated waistband with an adjustable drawstring, and a relaxed silhouette that allows unrestricted movement. Designed for active kids, the cargo styling combines functionality with modern fashion, making it a versatile wardrobe essential.
Whether it's a family outing, holiday, birthday celebration, playdate, or everyday adventure, this Kids Boys Combo offers a complete ready-to-style outfit without the effort of matching separate pieces. Every element is carefully selected to deliver a seamless balance of premium craftsmanship, comfort, durability, and contemporary kids' fashion.
Designed with Purple United's commitment to quality and style, this Shop the Look combo is made for young explorers who value confidence, comfort, and effortless dressing. Easy to wear, easy to maintain, and versatile across seasons, it is a premium wardrobe essential for every active kid.",Purple United Kids,Apparel & Accessories > Clothing,Combo Set,"Apparel, Combo Set, Boys, All Products, NEW LAUNCH",TRUE,T-Shirt,5-6Y,,Trouser,5-6Y,,,,,8905120267864-8905120586101A,200,shopify,,deny,manual,1799,3599,TRUE,TRUE,,,,,PBTROS000160-BEIGE-PBTSHS003137-BEIGE,,,,FALSE,,,Apparel & Accessories > Clothing,Boys,,,,,,,,,,,Boys,2026,"Item Color: PBTSHS003137-BEIGE-PBTROS000160-BEIGE
Fabric: COTTON
Items Included in Packaging: 1 Combo Set
Commodity: Boy's Combo Set",NEW LAUNCH,,,,,,,,,,,,,,,,,,,,,,,kg,,,active
"Kids-Boys-Combo-|-Beige-Ombre-Tshirt,-Beige-Cargo-Trousers","Kids Boys Combo | Beige Ombre Tshirt, Beige Cargo Trousers","Upgrade your little one's wardrobe with this premium Purple United Kids Boys Combo, a thoughtfully coordinated Shop the Look outfit that blends contemporary design, lasting comfort, and everyday versatility. This stylish ensemble includes a beige ombre graphic Tshirt, beige and cargo trousers creating a polished head-to-toe look for every occasion.
The beige half-sleeve Tshirt is crafted from soft, breathable fabric and enhanced with a modern ombre effect and subtle graphic detail that adds a refined sporty appeal. Its lightweight feel and comfortable fit make it ideal for everyday wear, vacations, casual outings, and weekend adventures.
Complementing the Tshirt are beige cargo trousers featuring spacious utility pockets, an elasticated waistband with an adjustable drawstring, and a relaxed silhouette that allows unrestricted movement. Designed for active kids, the cargo styling combines functionality with modern fashion, making it a versatile wardrobe essential.
Whether it's a family outing, holiday, birthday celebration, playdate, or everyday adventure, this Kids Boys Combo offers a complete ready-to-style outfit without the effort of matching separate pieces. Every element is carefully selected to deliver a seamless balance of premium craftsmanship, comfort, durability, and contemporary kids' fashion.
Designed with Purple United's commitment to quality and style, this Shop the Look combo is made for young explorers who value confidence, comfort, and effortless dressing. Easy to wear, easy to maintain, and versatile across seasons, it is a premium wardrobe essential for every active kid.",Purple United Kids,Apparel & Accessories > Clothing,Combo Set,"Apparel, Combo Set, Boys, All Products, NEW LAUNCH",TRUE,T-Shirt,7-8Y,,Trouser,7-8Y,,,,,8905120267871-8905120586118A,200,shopify,,deny,manual,1799,3599,TRUE,TRUE,,,,,PBTROS000160-BEIGE-PBTSHS003137-BEIGE,,,,FALSE,,,Apparel & Accessories > Clothing,Boys,,,,,,,,,,,Boys,2026,"Item Color: PBTSHS003137-BEIGE-PBTROS000160-BEIGE
Fabric: COTTON
Items Included in Packaging: 1 Combo Set
Commodity: Boy's Combo Set",NEW LAUNCH,,,,,,,,,,,,,,,,,,,,,,,kg,,,active
"Kids-Boys-Combo-|-Beige-Ombre-Tshirt,-Beige-Cargo-Trousers","Kids Boys Combo | Beige Ombre Tshirt, Beige Cargo Trousers","Upgrade your little one's wardrobe with this premium Purple United Kids Boys Combo, a thoughtfully coordinated Shop the Look outfit that blends contemporary design, lasting comfort, and everyday versatility. This stylish ensemble includes a beige ombre graphic Tshirt, beige and cargo trousers creating a polished head-to-toe look for every occasion.
The beige half-sleeve Tshirt is crafted from soft, breathable fabric and enhanced with a modern ombre effect and subtle graphic detail that adds a refined sporty appeal. Its lightweight feel and comfortable fit make it ideal for everyday wear, vacations, casual outings, and weekend adventures.
Complementing the Tshirt are beige cargo trousers featuring spacious utility pockets, an elasticated waistband with an adjustable drawstring, and a relaxed silhouette that allows unrestricted movement. Designed for active kids, the cargo styling combines functionality with modern fashion, making it a versatile wardrobe essential.
Whether it's a family outing, holiday, birthday celebration, playdate, or everyday adventure, this Kids Boys Combo offers a complete ready-to-style outfit without the effort of matching separate pieces. Every element is carefully selected to deliver a seamless balance of premium craftsmanship, comfort, durability, and contemporary kids' fashion.
Designed with Purple United's commitment to quality and style, this Shop the Look combo is made for young explorers who value confidence, comfort, and effortless dressing. Easy to wear, easy to maintain, and versatile across seasons, it is a premium wardrobe essential for every active kid.",Purple United Kids,Apparel & Accessories > Clothing,Combo Set,"Apparel, Combo Set, Boys, All Products, NEW LAUNCH",TRUE,T-Shirt,9-10Y,,Trouser,9-10Y,,,,,8905120267888-8905120586125A,200,shopify,,deny,manual,1799,3599,TRUE,TRUE,,,,,PBTROS000160-BEIGE-PBTSHS003137-BEIGE,,,,FALSE,,,Apparel & Accessories > Clothing,Boys,,,,,,,,,,,Boys,2026,"Item Color: PBTSHS003137-BEIGE-PBTROS000160-BEIGE
Fabric: COTTON
Items Included in Packaging: 1 Combo Set
Commodity: Boy's Combo Set",NEW LAUNCH,,,,,,,,,,,,,,,,,,,,,,,kg,,,active
"Kids-Boys-Combo-|-Beige-Ombre-Tshirt,-Beige-Cargo-Trousers","Kids Boys Combo | Beige Ombre Tshirt, Beige Cargo Trousers","Upgrade your little one's wardrobe with this premium Purple United Kids Boys Combo, a thoughtfully coordinated Shop the Look outfit that blends contemporary design, lasting comfort, and everyday versatility. This stylish ensemble includes a beige ombre graphic Tshirt, beige and cargo trousers creating a polished head-to-toe look for every occasion.
The beige half-sleeve Tshirt is crafted from soft, breathable fabric and enhanced with a modern ombre effect and subtle graphic detail that adds a refined sporty appeal. Its lightweight feel and comfortable fit make it ideal for everyday wear, vacations, casual outings, and weekend adventures.
Complementing the Tshirt are beige cargo trousers featuring spacious utility pockets, an elasticated waistband with an adjustable drawstring, and a relaxed silhouette that allows unrestricted movement. Designed for active kids, the cargo styling combines functionality with modern fashion, making it a versatile wardrobe essential.
Whether it's a family outing, holiday, birthday celebration, playdate, or everyday adventure, this Kids Boys Combo offers a complete ready-to-style outfit without the effort of matching separate pieces. Every element is carefully selected to deliver a seamless balance of premium craftsmanship, comfort, durability, and contemporary kids' fashion.
Designed with Purple United's commitment to quality and style, this Shop the Look combo is made for young explorers who value confidence, comfort, and effortless dressing. Easy to wear, easy to maintain, and versatile across seasons, it is a premium wardrobe essential for every active kid.",Purple United Kids,Apparel & Accessories > Clothing,Combo Set,"Apparel, Combo Set, Boys, All Products, NEW LAUNCH",TRUE,T-Shirt,11-12Y,,Trouser,11-12Y,,,,,8905120267895-8905120586132A,200,shopify,,deny,manual,1799,3599,TRUE,TRUE,,,,,PBTROS000160-BEIGE-PBTSHS003137-BEIGE,,,,FALSE,,,Apparel & Accessories > Clothing,Boys,,,,,,,,,,,Boys,2026,"Item Color: PBTSHS003137-BEIGE-PBTROS000160-BEIGE
Fabric: COTTON
Items Included in Packaging: 1 Combo Set
Commodity: Boy's Combo Set",NEW LAUNCH,,,,,,,,,,,,,,,,,,,,,,,kg,,,active
"Kids-Boys-Combo-|-Beige-Ombre-Tshirt,-Beige-Cargo-Trousers","Kids Boys Combo | Beige Ombre Tshirt, Beige Cargo Trousers","Upgrade your little one's wardrobe with this premium Purple United Kids Boys Combo, a thoughtfully coordinated Shop the Look outfit that blends contemporary design, lasting comfort, and everyday versatility. This stylish ensemble includes a beige ombre graphic Tshirt, beige and cargo trousers creating a polished head-to-toe look for every occasion.
The beige half-sleeve Tshirt is crafted from soft, breathable fabric and enhanced with a modern ombre effect and subtle graphic detail that adds a refined sporty appeal. Its lightweight feel and comfortable fit make it ideal for everyday wear, vacations, casual outings, and weekend adventures.
Complementing the Tshirt are beige cargo trousers featuring spacious utility pockets, an elasticated waistband with an adjustable drawstring, and a relaxed silhouette that allows unrestricted movement. Designed for active kids, the cargo styling combines functionality with modern fashion, making it a versatile wardrobe essential.
Whether it's a family outing, holiday, birthday celebration, playdate, or everyday adventure, this Kids Boys Combo offers a complete ready-to-style outfit without the effort of matching separate pieces. Every element is carefully selected to deliver a seamless balance of premium craftsmanship, comfort, durability, and contemporary kids' fashion.
Designed with Purple United's commitment to quality and style, this Shop the Look combo is made for young explorers who value confidence, comfort, and effortless dressing. Easy to wear, easy to maintain, and versatile across seasons, it is a premium wardrobe essential for every active kid.",Purple United Kids,Apparel & Accessories > Clothing,Combo Set,"Apparel, Combo Set, Boys, All Products, NEW LAUNCH",TRUE,T-Shirt,13-14Y,,Trouser,13-14Y,,,,,8905120267901-8905120586149A,200,shopify,,deny,manual,1799,3599,TRUE,TRUE,,,,,PBTROS000160-BEIGE-PBTSHS003137-BEIGE,,,,FALSE,,,Apparel & Accessories > Clothing,Boys,,,,,,,,,,,Boys,2026,"Item Color: PBTSHS003137-BEIGE-PBTROS000160-BEIGE
Fabric: COTTON
Items Included in Packaging: 1 Combo Set
Commodity: Boy's Combo Set",NEW LAUNCH,,,,,,,,,,,,,,,,,,,,,,,kg,,,active
"Kids-Boys-Combo-|-Red-Graphic-Tshirt,-Navy-Blue-Cargo-Trousers","Kids Boys Combo | Red Graphic Tshirt, Navy Blue Cargo Trousers","Elevate your little one's everyday style with this premium Purple United Kids Boys Combo, a thoughtfully curated Shop the Look outfit designed for comfort, versatility, and modern kids' fashion. This coordinated ensemble features a red graphic Tshirt, navy blue cargo trousers, and black, creating a bold and effortlessly stylish look for every occasion.
The red half-sleeve Tshirt is crafted from soft, breathable fabric and showcases a striking typography graphic that adds a sporty, energetic appeal. Its lightweight construction and relaxed fit provide lasting comfort, making it ideal for casual outings, vacations, playdates, and everyday adventures.
Paired with the Tshirt are navy blue cargo trousers featuring spacious utility pockets, an elasticated waistband with an adjustable drawstring, and a relaxed silhouette for unrestricted movement. Combining functionality with contemporary utility styling, the trousers are designed to keep active kids comfortable while enhancing the overall coordinated look.
Whether it's a family outing, holiday, birthday celebration, travel, or a fun-filled day outdoors, this Kids Boys Combo offers a complete ready-to-style solution without the hassle of mixing and matching. Every element is carefully coordinated to deliver a perfect balance of premium craftsmanship, contemporary design, durability, and everyday practicality.
Designed with Purple United's commitment to quality and style, this Shop the Look combo is a wardrobe essential for young trendsetters who value confidence, comfort, and effortless dressing. Easy to wear, easy to maintain, and made for active lifestyles, it is the perfect addition to every modern kid's wardrobe.",Purple United Kids,Apparel & Accessories > Clothing,Combo Set,"Apparel, Combo Set, Boys, All Products, NEW LAUNCH",TRUE,T-Shirt,2-3Y,,Trouser,2-3Y,,,,,8905120261503-8905120267918,200,shopify,,deny,manual,1399,2799,TRUE,TRUE,,,,,PBTSHS000144-RED-PBTROS000160-NAVY BLUE,,,,FALSE,"Kids Boys Combo | Red Graphic Tshirt, Navy Blue Cargo Trousers","Elevate your little one's everyday style with this premium Purple United Kids Boys Combo, a thoughtfully curated Shop the Look outfit designed for comfort, versatility, and modern kids' fashion. This coordinated ensemble features a red graphic Tshirt, navy blue cargo trousers, and black, creating a bold and effortlessly stylish look for every occasion.
The red half-sleeve Tshirt is crafted from soft, breathable fabric and showcases a striking typography graphic that adds a sporty, energetic appeal. Its lightweight construction and relaxed fit provide lasting comfort, making it ideal for casual outings, vacations, playdates, and everyday adventures.
Paired with the Tshirt are navy blue cargo trousers featuring spacious utility pockets, an elasticated waistband with an adjustable drawstring, and a relaxed silhouette for unrestricted movement. Combining functionality with contemporary utility styling, the trousers are designed to keep active kids comfortable while enhancing the overall coordinated look.
Whether it's a family outing, holiday, birthday celebration, travel, or a fun-filled day outdoors, this Kids Boys Combo offers a complete ready-to-style solution without the hassle of mixing and matching. Every element is carefully coordinated to deliver a perfect balance of premium craftsmanship, contemporary design, durability, and everyday practicality.
Designed with Purple United's commitment to quality and style, this Shop the Look combo is a wardrobe essential for young trendsetters who value confidence, comfort, and effortless dressing. Easy to wear, easy to maintain, and made for active lifestyles, it is the perfect addition to every modern kid's wardrobe.",Apparel & Accessories > Clothing,Boys,,,,,,,,,,,Boys,2026,"Item Color: PBTSHS000144-RED-PBTROS000160-NAVY BLUE
Fabric: COTTON
Items Included in Packaging: 1 Combo Set
Commodity: Boy's Combo Set",NEW LAUNCH,,,,,,,,,,,,,,,,,,,,,,,kg,,,active
"Kids-Boys-Combo-|-Red-Graphic-Tshirt,-Navy-Blue-Cargo-Trousers","Kids Boys Combo | Red Graphic Tshirt, Navy Blue Cargo Trousers","Elevate your little one's everyday style with this premium Purple United Kids Boys Combo, a thoughtfully curated Shop the Look outfit designed for comfort, versatility, and modern kids' fashion. This coordinated ensemble features a red graphic Tshirt, navy blue cargo trousers, and black, creating a bold and effortlessly stylish look for every occasion.
The red half-sleeve Tshirt is crafted from soft, breathable fabric and showcases a striking typography graphic that adds a sporty, energetic appeal. Its lightweight construction and relaxed fit provide lasting comfort, making it ideal for casual outings, vacations, playdates, and everyday adventures.
Paired with the Tshirt are navy blue cargo trousers featuring spacious utility pockets, an elasticated waistband with an adjustable drawstring, and a relaxed silhouette for unrestricted movement. Combining functionality with contemporary utility styling, the trousers are designed to keep active kids comfortable while enhancing the overall coordinated look.
Whether it's a family outing, holiday, birthday celebration, travel, or a fun-filled day outdoors, this Kids Boys Combo offers a complete ready-to-style solution without the hassle of mixing and matching. Every element is carefully coordinated to deliver a perfect balance of premium craftsmanship, contemporary design, durability, and everyday practicality.
Designed with Purple United's commitment to quality and style, this Shop the Look combo is a wardrobe essential for young trendsetters who value confidence, comfort, and effortless dressing. Easy to wear, easy to maintain, and made for active lifestyles, it is the perfect addition to every modern kid's wardrobe.",Purple United Kids,Apparel & Accessories > Clothing,Combo Set,"Apparel, Combo Set, Boys, All Products, NEW LAUNCH",TRUE,T-Shirt,3-4Y,,Trouser,3-4Y,,,,,8905120261510-8905120267925,200,shopify,,deny,manual,1399,2799,TRUE,TRUE,,,,,PBTSHS000144-RED-PBTROS000160-NAVY BLUE,,,,FALSE,,,Apparel & Accessories > Clothing,Boys,,,,,,,,,,,Boys,2026,"Item Color: PBTSHS000144-RED-PBTROS000160-NAVY BLUE
Fabric: COTTON
Items Included in Packaging: 1 Combo Set
Commodity: Boy's Combo Set",NEW LAUNCH,,,,,,,,,,,,,,,,,,,,,,,kg,,,active
"Kids-Boys-Combo-|-Red-Graphic-Tshirt,-Navy-Blue-Cargo-Trousers","Kids Boys Combo | Red Graphic Tshirt, Navy Blue Cargo Trousers","Elevate your little one's everyday style with this premium Purple United Kids Boys Combo, a thoughtfully curated Shop the Look outfit designed for comfort, versatility, and modern kids' fashion. This coordinated ensemble features a red graphic Tshirt, navy blue cargo trousers, and black, creating a bold and effortlessly stylish look for every occasion.
The red half-sleeve Tshirt is crafted from soft, breathable fabric and showcases a striking typography graphic that adds a sporty, energetic appeal. Its lightweight construction and relaxed fit provide lasting comfort, making it ideal for casual outings, vacations, playdates, and everyday adventures.
Paired with the Tshirt are navy blue cargo trousers featuring spacious utility pockets, an elasticated waistband with an adjustable drawstring, and a relaxed silhouette for unrestricted movement. Combining functionality with contemporary utility styling, the trousers are designed to keep active kids comfortable while enhancing the overall coordinated look.
Whether it's a family outing, holiday, birthday celebration, travel, or a fun-filled day outdoors, this Kids Boys Combo offers a complete ready-to-style solution without the hassle of mixing and matching. Every element is carefully coordinated to deliver a perfect balance of premium craftsmanship, contemporary design, durability, and everyday practicality.
Designed with Purple United's commitment to quality and style, this Shop the Look combo is a wardrobe essential for young trendsetters who value confidence, comfort, and effortless dressing. Easy to wear, easy to maintain, and made for active lifestyles, it is the perfect addition to every modern kid's wardrobe.",Purple United Kids,Apparel & Accessories > Clothing,Combo Set,"Apparel, Combo Set, Boys, All Products, NEW LAUNCH",TRUE,T-Shirt,4-5Y,,Trouser,4-5Y,,,,,8905120261527-8905120267932,200,shopify,,deny,manual,1399,2799,TRUE,TRUE,,,,,PBTSHS000144-RED-PBTROS000160-NAVY BLUE,,,,FALSE,,,Apparel & Accessories > Clothing,Boys,,,,,,,,,,,Boys,2026,"Item Color: PBTSHS000144-RED-PBTROS000160-NAVY BLUE
Fabric: COTTON
Items Included in Packaging: 1 Combo Set
Commodity: Boy's Combo Set",NEW LAUNCH,,,,,,,,,,,,,,,,,,,,,,,kg,,,active
"Kids-Boys-Combo-|-Red-Graphic-Tshirt,-Navy-Blue-Cargo-Trousers","Kids Boys Combo | Red Graphic Tshirt, Navy Blue Cargo Trousers","Elevate your little one's everyday style with this premium Purple United Kids Boys Combo, a thoughtfully curated Shop the Look outfit designed for comfort, versatility, and modern kids' fashion. This coordinated ensemble features a red graphic Tshirt, navy blue cargo trousers, and black, creating a bold and effortlessly stylish look for every occasion.
The red half-sleeve Tshirt is crafted from soft, breathable fabric and showcases a striking typography graphic that adds a sporty, energetic appeal. Its lightweight construction and relaxed fit provide lasting comfort, making it ideal for casual outings, vacations, playdates, and everyday adventures.
Paired with the Tshirt are navy blue cargo trousers featuring spacious utility pockets, an elasticated waistband with an adjustable drawstring, and a relaxed silhouette for unrestricted movement. Combining functionality with contemporary utility styling, the trousers are designed to keep active kids comfortable while enhancing the overall coordinated look.
Whether it's a family outing, holiday, birthday celebration, travel, or a fun-filled day outdoors, this Kids Boys Combo offers a complete ready-to-style solution without the hassle of mixing and matching. Every element is carefully coordinated to deliver a perfect balance of premium craftsmanship, contemporary design, durability, and everyday practicality.
Designed with Purple United's commitment to quality and style, this Shop the Look combo is a wardrobe essential for young trendsetters who value confidence, comfort, and effortless dressing. Easy to wear, easy to maintain, and made for active lifestyles, it is the perfect addition to every modern kid's wardrobe.",Purple United Kids,Apparel & Accessories > Clothing,Combo Set,"Apparel, Combo Set, Boys, All Products, NEW LAUNCH",TRUE,T-Shirt,5-6Y,,Trouser,5-6Y,,,,,8905120261534-8905120267949,200,shopify,,deny,manual,1399,2799,TRUE,TRUE,,,,,PBTSHS000144-RED-PBTROS000160-NAVY BLUE,,,,FALSE,,,Apparel & Accessories > Clothing,Boys,,,,,,,,,,,Boys,2026,"Item Color: PBTSHS000144-RED-PBTROS000160-NAVY BLUE
Fabric: COTTON
Items Included in Packaging: 1 Combo Set
Commodity: Boy's Combo Set",NEW LAUNCH,,,,,,,,,,,,,,,,,,,,,,,kg,,,active
"Kids-Boys-Combo-|-Red-Graphic-Tshirt,-Navy-Blue-Cargo-Trousers","Kids Boys Combo | Red Graphic Tshirt, Navy Blue Cargo Trousers","Elevate your little one's everyday style with this premium Purple United Kids Boys Combo, a thoughtfully curated Shop the Look outfit designed for comfort, versatility, and modern kids' fashion. This coordinated ensemble features a red graphic Tshirt, navy blue cargo trousers, and black, creating a bold and effortlessly stylish look for every occasion.
The red half-sleeve Tshirt is crafted from soft, breathable fabric and showcases a striking typography graphic that adds a sporty, energetic appeal. Its lightweight construction and relaxed fit provide lasting comfort, making it ideal for casual outings, vacations, playdates, and everyday adventures.
Paired with the Tshirt are navy blue cargo trousers featuring spacious utility pockets, an elasticated waistband with an adjustable drawstring, and a relaxed silhouette for unrestricted movement. Combining functionality with contemporary utility styling, the trousers are designed to keep active kids comfortable while enhancing the overall coordinated look.
Whether it's a family outing, holiday, birthday celebration, travel, or a fun-filled day outdoors, this Kids Boys Combo offers a complete ready-to-style solution without the hassle of mixing and matching. Every element is carefully coordinated to deliver a perfect balance of premium craftsmanship, contemporary design, durability, and everyday practicality.
Designed with Purple United's commitment to quality and style, this Shop the Look combo is a wardrobe essential for young trendsetters who value confidence, comfort, and effortless dressing. Easy to wear, easy to maintain, and made for active lifestyles, it is the perfect addition to every modern kid's wardrobe.",Purple United Kids,Apparel & Accessories > Clothing,Combo Set,"Apparel, Combo Set, Boys, All Products, NEW LAUNCH",TRUE,T-Shirt,7-8Y,,Trouser,7-8Y,,,,,8905120261541-8905120267956,200,shopify,,deny,manual,1399,2799,TRUE,TRUE,,,,,PBTSHS000144-RED-PBTROS000160-NAVY BLUE,,,,FALSE,,,Apparel & Accessories > Clothing,Boys,,,,,,,,,,,Boys,2026,"Item Color: PBTSHS000144-RED-PBTROS000160-NAVY BLUE
Fabric: COTTON
Items Included in Packaging: 1 Combo Set
Commodity: Boy's Combo Set",NEW LAUNCH,,,,,,,,,,,,,,,,,,,,,,,kg,,,active
"Kids-Boys-Combo-|-Red-Graphic-Tshirt,-Navy-Blue-Cargo-Trousers","Kids Boys Combo | Red Graphic Tshirt, Navy Blue Cargo Trousers","Elevate your little one's everyday style with this premium Purple United Kids Boys Combo, a thoughtfully curated Shop the Look outfit designed for comfort, versatility, and modern kids' fashion. This coordinated ensemble features a red graphic Tshirt, navy blue cargo trousers, and black, creating a bold and effortlessly stylish look for every occasion.
The red half-sleeve Tshirt is crafted from soft, breathable fabric and showcases a striking typography graphic that adds a sporty, energetic appeal. Its lightweight construction and relaxed fit provide lasting comfort, making it ideal for casual outings, vacations, playdates, and everyday adventures.
Paired with the Tshirt are navy blue cargo trousers featuring spacious utility pockets, an elasticated waistband with an adjustable drawstring, and a relaxed silhouette for unrestricted movement. Combining functionality with contemporary utility styling, the trousers are designed to keep active kids comfortable while enhancing the overall coordinated look.
Whether it's a family outing, holiday, birthday celebration, travel, or a fun-filled day outdoors, this Kids Boys Combo offers a complete ready-to-style solution without the hassle of mixing and matching. Every element is carefully coordinated to deliver a perfect balance of premium craftsmanship, contemporary design, durability, and everyday practicality.
Designed with Purple United's commitment to quality and style, this Shop the Look combo is a wardrobe essential for young trendsetters who value confidence, comfort, and effortless dressing. Easy to wear, easy to maintain, and made for active lifestyles, it is the perfect addition to every modern kid's wardrobe.",Purple United Kids,Apparel & Accessories > Clothing,Combo Set,"Apparel, Combo Set, Boys, All Products, NEW LAUNCH",TRUE,T-Shirt,9-10Y,,Trouser,9-10Y,,,,,8905120261558-8905120267963,200,shopify,,deny,manual,1399,2799,TRUE,TRUE,,,,,PBTSHS000144-RED-PBTROS000160-NAVY BLUE,,,,FALSE,,,Apparel & Accessories > Clothing,Boys,,,,,,,,,,,Boys,2026,"Item Color: PBTSHS000144-RED-PBTROS000160-NAVY BLUE
Fabric: COTTON
Items Included in Packaging: 1 Combo Set
Commodity: Boy's Combo Set",NEW LAUNCH,,,,,,,,,,,,,,,,,,,,,,,kg,,,active
"Kids-Boys-Combo-|-Red-Graphic-Tshirt,-Navy-Blue-Cargo-Trousers","Kids Boys Combo | Red Graphic Tshirt, Navy Blue Cargo Trousers","Elevate your little one's everyday style with this premium Purple United Kids Boys Combo, a thoughtfully curated Shop the Look outfit designed for comfort, versatility, and modern kids' fashion. This coordinated ensemble features a red graphic Tshirt, navy blue cargo trousers, and black, creating a bold and effortlessly stylish look for every occasion.
The red half-sleeve Tshirt is crafted from soft, breathable fabric and showcases a striking typography graphic that adds a sporty, energetic appeal. Its lightweight construction and relaxed fit provide lasting comfort, making it ideal for casual outings, vacations, playdates, and everyday adventures.
Paired with the Tshirt are navy blue cargo trousers featuring spacious utility pockets, an elasticated waistband with an adjustable drawstring, and a relaxed silhouette for unrestricted movement. Combining functionality with contemporary utility styling, the trousers are designed to keep active kids comfortable while enhancing the overall coordinated look.
Whether it's a family outing, holiday, birthday celebration, travel, or a fun-filled day outdoors, this Kids Boys Combo offers a complete ready-to-style solution without the hassle of mixing and matching. Every element is carefully coordinated to deliver a perfect balance of premium craftsmanship, contemporary design, durability, and everyday practicality.
Designed with Purple United's commitment to quality and style, this Shop the Look combo is a wardrobe essential for young trendsetters who value confidence, comfort, and effortless dressing. Easy to wear, easy to maintain, and made for active lifestyles, it is the perfect addition to every modern kid's wardrobe.",Purple United Kids,Apparel & Accessories > Clothing,Combo Set,"Apparel, Combo Set, Boys, All Products, NEW LAUNCH",TRUE,T-Shirt,11-12Y,,Trouser,11-12Y,,,,,8905120261565-8905120267970,200,shopify,,deny,manual,1399,2799,TRUE,TRUE,,,,,PBTSHS000144-RED-PBTROS000160-NAVY BLUE,,,,FALSE,,,Apparel & Accessories > Clothing,Boys,,,,,,,,,,,Boys,2026,"Item Color: PBTSHS000144-RED-PBTROS000160-NAVY BLUE
Fabric: COTTON
Items Included in Packaging: 1 Combo Set
Commodity: Boy's Combo Set",NEW LAUNCH,,,,,,,,,,,,,,,,,,,,,,,kg,,,active
"Kids-Boys-Combo-|-Red-Graphic-Tshirt,-Navy-Blue-Cargo-Trousers","Kids Boys Combo | Red Graphic Tshirt, Navy Blue Cargo Trousers","Elevate your little one's everyday style with this premium Purple United Kids Boys Combo, a thoughtfully curated Shop the Look outfit designed for comfort, versatility, and modern kids' fashion. This coordinated ensemble features a red graphic Tshirt, navy blue cargo trousers, and black, creating a bold and effortlessly stylish look for every occasion.
The red half-sleeve Tshirt is crafted from soft, breathable fabric and showcases a striking typography graphic that adds a sporty, energetic appeal. Its lightweight construction and relaxed fit provide lasting comfort, making it ideal for casual outings, vacations, playdates, and everyday adventures.
Paired with the Tshirt are navy blue cargo trousers featuring spacious utility pockets, an elasticated waistband with an adjustable drawstring, and a relaxed silhouette for unrestricted movement. Combining functionality with contemporary utility styling, the trousers are designed to keep active kids comfortable while enhancing the overall coordinated look.
Whether it's a family outing, holiday, birthday celebration, travel, or a fun-filled day outdoors, this Kids Boys Combo offers a complete ready-to-style solution without the hassle of mixing and matching. Every element is carefully coordinated to deliver a perfect balance of premium craftsmanship, contemporary design, durability, and everyday practicality.
Designed with Purple United's commitment to quality and style, this Shop the Look combo is a wardrobe essential for young trendsetters who value confidence, comfort, and effortless dressing. Easy to wear, easy to maintain, and made for active lifestyles, it is the perfect addition to every modern kid's wardrobe.",Purple United Kids,Apparel & Accessories > Clothing,Combo Set,"Apparel, Combo Set, Boys, All Products, NEW LAUNCH",TRUE,T-Shirt,13-14Y,,Trouser,13-14Y,,,,,8905120261572-8905120267987,200,shopify,,deny,manual,1399,2799,TRUE,TRUE,,,,,PBTSHS000144-RED-PBTROS000160-NAVY BLUE,,,,FALSE,,,Apparel & Accessories > Clothing,Boys,,,,,,,,,,,Boys,2026,"Item Color: PBTSHS000144-RED-PBTROS000160-NAVY BLUE
Fabric: COTTON
Items Included in Packaging: 1 Combo Set
Commodity: Boy's Combo Set",NEW LAUNCH,,,,,,,,,,,,,,,,,,,,,,,kg,,,active
"Kids-Boys-Combo-|-Relaxed-Fit-White-Tshirt,-Casual-Cargo-Trousers","Kids Boys Combo | Relaxed Fit White Tshirt, Casual Cargo Trousers","Let your young trendsetter step out in confidence with this premium Purple United Kids Boys Combo, a thoughtfully curated Shop the Look outfit that blends contemporary streetwear styling with everyday comfort and functionality. This coordinated ensemble features a white front & back graphic Tshirt, dark  and navy blue cargo trousers, creating a versatile head-to-toe look for active kids.
The white half-sleeve Tshirt is crafted from soft, breathable fabric and showcases a clean front graphic complemented by a bold statement artwork on the back, adding a modern urban-inspired appeal. Lightweight and comfortable, it keeps kids feeling fresh while delivering effortless everyday style.
Complementing the Tshirt are dark navy blue cargo trousers designed with spacious utility pockets, an elasticated waistband with an adjustable drawstring, and a relaxed silhouette for unrestricted movement. The functional cargo styling combines practicality with premium design, making the trousers ideal for outdoor adventures, travel, and everyday wear.
Whether it's a family outing, vacation, playdate, shopping trip, weekend adventure, or casual day outdoors, this Kids Boys Combo offers a complete ready-to-style solution without the hassle of pairing individual pieces. Every element is thoughtfully selected to create a polished look that reflects Purple United's commitment to premium quality, contemporary kids' fashion, and exceptional comfort.
Designed for young explorers with an active lifestyle, this Shop the Look combo is easy to wear, easy to maintain, and versatile enough for every season, making it a wardrobe essential for kids who love style, comfort, and adventure.",Purple United Kids,Apparel & Accessories > Clothing,Combo Set,"Apparel, Combo Set, Boys, All Products, NEW LAUNCH",TRUE,T-Shirt,2-3Y,,Trouser,2-3Y,,,,,8905120425417-8905120597015,200,shopify,,deny,manual,1599,3199,TRUE,TRUE,,,,,PBTROS000160-DK. NAVY BLUE-PBTSHS003581-WHITE,,,,FALSE,"Kids Boys Combo | Relaxed Fit White Tshirt, Casual Cargo Trousers","Let your young trendsetter step out in confidence with this premium Purple United Kids Boys Combo, a thoughtfully curated Shop the Look outfit that blends contemporary streetwear styling with everyday comfort and functionality. This coordinated ensemble features a white front & back graphic Tshirt, dark  and navy blue cargo trousers, creating a versatile head-to-toe look for active kids.
The white half-sleeve Tshirt is crafted from soft, breathable fabric and showcases a clean front graphic complemented by a bold statement artwork on the back, adding a modern urban-inspired appeal. Lightweight and comfortable, it keeps kids feeling fresh while delivering effortless everyday style.
Complementing the Tshirt are dark navy blue cargo trousers designed with spacious utility pockets, an elasticated waistband with an adjustable drawstring, and a relaxed silhouette for unrestricted movement. The functional cargo styling combines practicality with premium design, making the trousers ideal for outdoor adventures, travel, and everyday wear.
Whether it's a family outing, vacation, playdate, shopping trip, weekend adventure, or casual day outdoors, this Kids Boys Combo offers a complete ready-to-style solution without the hassle of pairing individual pieces. Every element is thoughtfully selected to create a polished look that reflects Purple United's commitment to premium quality, contemporary kids' fashion, and exceptional comfort.
Designed for young explorers with an active lifestyle, this Shop the Look combo is easy to wear, easy to maintain, and versatile enough for every season, making it a wardrobe essential for kids who love style, comfort, and adventure.",Apparel & Accessories > Clothing,Boys,,,,,,,,,,,Boys,2026,"Item Color: PBTSHS003581-WHITE-PBTROS000160-DK. NAVY BLUE
Fabric: COTTON
Items Included in Packaging: 1 Combo Set
Commodity: Boy's Combo Set",NEW LAUNCH,,,,,,,,,,,,,,,,,,,,,,,kg,,,active
"Kids-Boys-Combo-|-Relaxed-Fit-White-Tshirt,-Casual-Cargo-Trousers","Kids Boys Combo | Relaxed Fit White Tshirt, Casual Cargo Trousers","Let your young trendsetter step out in confidence with this premium Purple United Kids Boys Combo, a thoughtfully curated Shop the Look outfit that blends contemporary streetwear styling with everyday comfort and functionality. This coordinated ensemble features a white front & back graphic Tshirt, dark  and navy blue cargo trousers, creating a versatile head-to-toe look for active kids.
The white half-sleeve Tshirt is crafted from soft, breathable fabric and showcases a clean front graphic complemented by a bold statement artwork on the back, adding a modern urban-inspired appeal. Lightweight and comfortable, it keeps kids feeling fresh while delivering effortless everyday style.
Complementing the Tshirt are dark navy blue cargo trousers designed with spacious utility pockets, an elasticated waistband with an adjustable drawstring, and a relaxed silhouette for unrestricted movement. The functional cargo styling combines practicality with premium design, making the trousers ideal for outdoor adventures, travel, and everyday wear.
Whether it's a family outing, vacation, playdate, shopping trip, weekend adventure, or casual day outdoors, this Kids Boys Combo offers a complete ready-to-style solution without the hassle of pairing individual pieces. Every element is thoughtfully selected to create a polished look that reflects Purple United's commitment to premium quality, contemporary kids' fashion, and exceptional comfort.
Designed for young explorers with an active lifestyle, this Shop the Look combo is easy to wear, easy to maintain, and versatile enough for every season, making it a wardrobe essential for kids who love style, comfort, and adventure.",Purple United Kids,Apparel & Accessories > Clothing,Combo Set,"Apparel, Combo Set, Boys, All Products, NEW LAUNCH",TRUE,T-Shirt,3-4Y,,Trouser,3-4Y,,,,,8905120425424-8905120597022,200,shopify,,deny,manual,1599,3199,TRUE,TRUE,,,,,PBTROS000160-DK. NAVY BLUE-PBTSHS003581-WHITE,,,,FALSE,,,Apparel & Accessories > Clothing,Boys,,,,,,,,,,,Boys,2026,"Item Color: PBTSHS003581-WHITE-PBTROS000160-DK. NAVY BLUE
Fabric: COTTON
Items Included in Packaging: 1 Combo Set
Commodity: Boy's Combo Set",NEW LAUNCH,,,,,,,,,,,,,,,,,,,,,,,kg,,,active
"Kids-Boys-Combo-|-Relaxed-Fit-White-Tshirt,-Casual-Cargo-Trousers","Kids Boys Combo | Relaxed Fit White Tshirt, Casual Cargo Trousers","Let your young trendsetter step out in confidence with this premium Purple United Kids Boys Combo, a thoughtfully curated Shop the Look outfit that blends contemporary streetwear styling with everyday comfort and functionality. This coordinated ensemble features a white front & back graphic Tshirt, dark  and navy blue cargo trousers, creating a versatile head-to-toe look for active kids.
The white half-sleeve Tshirt is crafted from soft, breathable fabric and showcases a clean front graphic complemented by a bold statement artwork on the back, adding a modern urban-inspired appeal. Lightweight and comfortable, it keeps kids feeling fresh while delivering effortless everyday style.
Complementing the Tshirt are dark navy blue cargo trousers designed with spacious utility pockets, an elasticated waistband with an adjustable drawstring, and a relaxed silhouette for unrestricted movement. The functional cargo styling combines practicality with premium design, making the trousers ideal for outdoor adventures, travel, and everyday wear.
Whether it's a family outing, vacation, playdate, shopping trip, weekend adventure, or casual day outdoors, this Kids Boys Combo offers a complete ready-to-style solution without the hassle of pairing individual pieces. Every element is thoughtfully selected to create a polished look that reflects Purple United's commitment to premium quality, contemporary kids' fashion, and exceptional comfort.
Designed for young explorers with an active lifestyle, this Shop the Look combo is easy to wear, easy to maintain, and versatile enough for every season, making it a wardrobe essential for kids who love style, comfort, and adventure.",Purple United Kids,Apparel & Accessories > Clothing,Combo Set,"Apparel, Combo Set, Boys, All Products, NEW LAUNCH",TRUE,T-Shirt,4-5Y,,Trouser,4-5Y,,,,,8905120425431-8905120597039,200,shopify,,deny,manual,1599,3199,TRUE,TRUE,,,,,PBTROS000160-DK. NAVY BLUE-PBTSHS003581-WHITE,,,,FALSE,,,Apparel & Accessories > Clothing,Boys,,,,,,,,,,,Boys,2026,"Item Color: PBTSHS003581-WHITE-PBTROS000160-DK. NAVY BLUE
Fabric: COTTON
Items Included in Packaging: 1 Combo Set
Commodity: Boy's Combo Set",NEW LAUNCH,,,,,,,,,,,,,,,,,,,,,,,kg,,,active
"Kids-Boys-Combo-|-Relaxed-Fit-White-Tshirt,-Casual-Cargo-Trousers","Kids Boys Combo | Relaxed Fit White Tshirt, Casual Cargo Trousers","Let your young trendsetter step out in confidence with this premium Purple United Kids Boys Combo, a thoughtfully curated Shop the Look outfit that blends contemporary streetwear styling with everyday comfort and functionality. This coordinated ensemble features a white front & back graphic Tshirt, dark  and navy blue cargo trousers, creating a versatile head-to-toe look for active kids.
The white half-sleeve Tshirt is crafted from soft, breathable fabric and showcases a clean front graphic complemented by a bold statement artwork on the back, adding a modern urban-inspired appeal. Lightweight and comfortable, it keeps kids feeling fresh while delivering effortless everyday style.
Complementing the Tshirt are dark navy blue cargo trousers designed with spacious utility pockets, an elasticated waistband with an adjustable drawstring, and a relaxed silhouette for unrestricted movement. The functional cargo styling combines practicality with premium design, making the trousers ideal for outdoor adventures, travel, and everyday wear.
Whether it's a family outing, vacation, playdate, shopping trip, weekend adventure, or casual day outdoors, this Kids Boys Combo offers a complete ready-to-style solution without the hassle of pairing individual pieces. Every element is thoughtfully selected to create a polished look that reflects Purple United's commitment to premium quality, contemporary kids' fashion, and exceptional comfort.
Designed for young explorers with an active lifestyle, this Shop the Look combo is easy to wear, easy to maintain, and versatile enough for every season, making it a wardrobe essential for kids who love style, comfort, and adventure.",Purple United Kids,Apparel & Accessories > Clothing,Combo Set,"Apparel, Combo Set, Boys, All Products, NEW LAUNCH",TRUE,T-Shirt,5-6Y,,Trouser,5-6Y,,,,,8905120425448-8905120597046,200,shopify,,deny,manual,1599,3199,TRUE,TRUE,,,,,PBTROS000160-DK. NAVY BLUE-PBTSHS003581-WHITE,,,,FALSE,,,Apparel & Accessories > Clothing,Boys,,,,,,,,,,,Boys,2026,"Item Color: PBTSHS003581-WHITE-PBTROS000160-DK. NAVY BLUE
Fabric: COTTON
Items Included in Packaging: 1 Combo Set
Commodity: Boy's Combo Set",NEW LAUNCH,,,,,,,,,,,,,,,,,,,,,,,kg,,,active
"Kids-Boys-Combo-|-Relaxed-Fit-White-Tshirt,-Casual-Cargo-Trousers","Kids Boys Combo | Relaxed Fit White Tshirt, Casual Cargo Trousers","Let your young trendsetter step out in confidence with this premium Purple United Kids Boys Combo, a thoughtfully curated Shop the Look outfit that blends contemporary streetwear styling with everyday comfort and functionality. This coordinated ensemble features a white front & back graphic Tshirt, dark  and navy blue cargo trousers, creating a versatile head-to-toe look for active kids.
The white half-sleeve Tshirt is crafted from soft, breathable fabric and showcases a clean front graphic complemented by a bold statement artwork on the back, adding a modern urban-inspired appeal. Lightweight and comfortable, it keeps kids feeling fresh while delivering effortless everyday style.
Complementing the Tshirt are dark navy blue cargo trousers designed with spacious utility pockets, an elasticated waistband with an adjustable drawstring, and a relaxed silhouette for unrestricted movement. The functional cargo styling combines practicality with premium design, making the trousers ideal for outdoor adventures, travel, and everyday wear.
Whether it's a family outing, vacation, playdate, shopping trip, weekend adventure, or casual day outdoors, this Kids Boys Combo offers a complete ready-to-style solution without the hassle of pairing individual pieces. Every element is thoughtfully selected to create a polished look that reflects Purple United's commitment to premium quality, contemporary kids' fashion, and exceptional comfort.
Designed for young explorers with an active lifestyle, this Shop the Look combo is easy to wear, easy to maintain, and versatile enough for every season, making it a wardrobe essential for kids who love style, comfort, and adventure.",Purple United Kids,Apparel & Accessories > Clothing,Combo Set,"Apparel, Combo Set, Boys, All Products, NEW LAUNCH",TRUE,T-Shirt,7-8Y,,Trouser,7-8Y,,,,,8905120425455-8905120597053,200,shopify,,deny,manual,1599,3199,TRUE,TRUE,,,,,PBTROS000160-DK. NAVY BLUE-PBTSHS003581-WHITE,,,,FALSE,,,Apparel & Accessories > Clothing,Boys,,,,,,,,,,,Boys,2026,"Item Color: PBTSHS003581-WHITE-PBTROS000160-DK. NAVY BLUE
Fabric: COTTON
Items Included in Packaging: 1 Combo Set
Commodity: Boy's Combo Set",NEW LAUNCH,,,,,,,,,,,,,,,,,,,,,,,kg,,,active
"Kids-Boys-Combo-|-Relaxed-Fit-White-Tshirt,-Casual-Cargo-Trousers","Kids Boys Combo | Relaxed Fit White Tshirt, Casual Cargo Trousers","Let your young trendsetter step out in confidence with this premium Purple United Kids Boys Combo, a thoughtfully curated Shop the Look outfit that blends contemporary streetwear styling with everyday comfort and functionality. This coordinated ensemble features a white front & back graphic Tshirt, dark  and navy blue cargo trousers, creating a versatile head-to-toe look for active kids.
The white half-sleeve Tshirt is crafted from soft, breathable fabric and showcases a clean front graphic complemented by a bold statement artwork on the back, adding a modern urban-inspired appeal. Lightweight and comfortable, it keeps kids feeling fresh while delivering effortless everyday style.
Complementing the Tshirt are dark navy blue cargo trousers designed with spacious utility pockets, an elasticated waistband with an adjustable drawstring, and a relaxed silhouette for unrestricted movement. The functional cargo styling combines practicality with premium design, making the trousers ideal for outdoor adventures, travel, and everyday wear.
Whether it's a family outing, vacation, playdate, shopping trip, weekend adventure, or casual day outdoors, this Kids Boys Combo offers a complete ready-to-style solution without the hassle of pairing individual pieces. Every element is thoughtfully selected to create a polished look that reflects Purple United's commitment to premium quality, contemporary kids' fashion, and exceptional comfort.
Designed for young explorers with an active lifestyle, this Shop the Look combo is easy to wear, easy to maintain, and versatile enough for every season, making it a wardrobe essential for kids who love style, comfort, and adventure.",Purple United Kids,Apparel & Accessories > Clothing,Combo Set,"Apparel, Combo Set, Boys, All Products, NEW LAUNCH",TRUE,T-Shirt,9-10Y,,Trouser,9-10Y,,,,,8905120425462-8905120597060,200,shopify,,deny,manual,1599,3199,TRUE,TRUE,,,,,PBTROS000160-DK. NAVY BLUE-PBTSHS003581-WHITE,,,,FALSE,,,Apparel & Accessories > Clothing,Boys,,,,,,,,,,,Boys,2026,"Item Color: PBTSHS003581-WHITE-PBTROS000160-DK. NAVY BLUE
Fabric: COTTON
Items Included in Packaging: 1 Combo Set
Commodity: Boy's Combo Set",NEW LAUNCH,,,,,,,,,,,,,,,,,,,,,,,kg,,,active
"Kids-Boys-Combo-|-Relaxed-Fit-White-Tshirt,-Casual-Cargo-Trousers","Kids Boys Combo | Relaxed Fit White Tshirt, Casual Cargo Trousers","Let your young trendsetter step out in confidence with this premium Purple United Kids Boys Combo, a thoughtfully curated Shop the Look outfit that blends contemporary streetwear styling with everyday comfort and functionality. This coordinated ensemble features a white front & back graphic Tshirt, dark  and navy blue cargo trousers, creating a versatile head-to-toe look for active kids.
The white half-sleeve Tshirt is crafted from soft, breathable fabric and showcases a clean front graphic complemented by a bold statement artwork on the back, adding a modern urban-inspired appeal. Lightweight and comfortable, it keeps kids feeling fresh while delivering effortless everyday style.
Complementing the Tshirt are dark navy blue cargo trousers designed with spacious utility pockets, an elasticated waistband with an adjustable drawstring, and a relaxed silhouette for unrestricted movement. The functional cargo styling combines practicality with premium design, making the trousers ideal for outdoor adventures, travel, and everyday wear.
Whether it's a family outing, vacation, playdate, shopping trip, weekend adventure, or casual day outdoors, this Kids Boys Combo offers a complete ready-to-style solution without the hassle of pairing individual pieces. Every element is thoughtfully selected to create a polished look that reflects Purple United's commitment to premium quality, contemporary kids' fashion, and exceptional comfort.
Designed for young explorers with an active lifestyle, this Shop the Look combo is easy to wear, easy to maintain, and versatile enough for every season, making it a wardrobe essential for kids who love style, comfort, and adventure.",Purple United Kids,Apparel & Accessories > Clothing,Combo Set,"Apparel, Combo Set, Boys, All Products, NEW LAUNCH",TRUE,T-Shirt,11-12Y,,Trouser,11-12Y,,,,,8905120425479-8905120597077,200,shopify,,deny,manual,1599,3199,TRUE,TRUE,,,,,PBTROS000160-DK. NAVY BLUE-PBTSHS003581-WHITE,,,,FALSE,,,Apparel & Accessories > Clothing,Boys,,,,,,,,,,,Boys,2026,"Item Color: PBTSHS003581-WHITE-PBTROS000160-DK. NAVY BLUE
Fabric: COTTON
Items Included in Packaging: 1 Combo Set
Commodity: Boy's Combo Set",NEW LAUNCH,,,,,,,,,,,,,,,,,,,,,,,kg,,,active
"Kids-Boys-Combo-|-Relaxed-Fit-White-Tshirt,-Casual-Cargo-Trousers","Kids Boys Combo | Relaxed Fit White Tshirt, Casual Cargo Trousers","Let your young trendsetter step out in confidence with this premium Purple United Kids Boys Combo, a thoughtfully curated Shop the Look outfit that blends contemporary streetwear styling with everyday comfort and functionality. This coordinated ensemble features a white front & back graphic Tshirt, dark  and navy blue cargo trousers, creating a versatile head-to-toe look for active kids.
The white half-sleeve Tshirt is crafted from soft, breathable fabric and showcases a clean front graphic complemented by a bold statement artwork on the back, adding a modern urban-inspired appeal. Lightweight and comfortable, it keeps kids feeling fresh while delivering effortless everyday style.
Complementing the Tshirt are dark navy blue cargo trousers designed with spacious utility pockets, an elasticated waistband with an adjustable drawstring, and a relaxed silhouette for unrestricted movement. The functional cargo styling combines practicality with premium design, making the trousers ideal for outdoor adventures, travel, and everyday wear.
Whether it's a family outing, vacation, playdate, shopping trip, weekend adventure, or casual day outdoors, this Kids Boys Combo offers a complete ready-to-style solution without the hassle of pairing individual pieces. Every element is thoughtfully selected to create a polished look that reflects Purple United's commitment to premium quality, contemporary kids' fashion, and exceptional comfort.
Designed for young explorers with an active lifestyle, this Shop the Look combo is easy to wear, easy to maintain, and versatile enough for every season, making it a wardrobe essential for kids who love style, comfort, and adventure.",Purple United Kids,Apparel & Accessories > Clothing,Combo Set,"Apparel, Combo Set, Boys, All Products, NEW LAUNCH",TRUE,T-Shirt,13-14Y,,Trouser,13-14Y,,,,,8905120425486-8905120597084,200,shopify,,deny,manual,1599,3199,TRUE,TRUE,,,,,PBTROS000160-DK. NAVY BLUE-PBTSHS003581-WHITE,,,,FALSE,,,Apparel & Accessories > Clothing,Boys,,,,,,,,,,,Boys,2026,"Item Color: PBTSHS003581-WHITE-PBTROS000160-DK. NAVY BLUE
Fabric: COTTON
Items Included in Packaging: 1 Combo Set
Commodity: Boy's Combo Set",NEW LAUNCH,,,,,,,,,,,,,,,,,,,,,,,kg,,,active
Kids-Boys-Combo-|-Blue-Denim-Casual-Shirt-&-Blue-Relaxed-Fit-Denim-Jeans-|-Shop-the-Look,Kids Boys Combo | Blue Denim Casual Shirt & Blue Relaxed Fit Denim Jeans | Shop the Look,"Elevate your little one's everyday wardrobe with this premium Purple United Kids Boys Combo, a thoughtfully coordinated Shop the Look outfit designed to bring together timeless denim styling, superior comfort, and everyday versatility. This stylish ensemble includes a blue denim shirt and blue relaxed fit denim jeans, creating a modern double-denim look that is effortlessly fashionable for every occasion.
The blue half-sleeve denim shirt is crafted from premium-quality fabric and features a classic collared silhouette, button-down front, and subtle embroidered detailing that adds a refined touch to its contemporary design. Soft, breathable, and comfortable, it is perfect for all-day wear while delivering a polished casual appearance.
Complementing the shirt are blue relaxed fit denim jeans featuring utility-inspired panel detailing and a comfortable silhouette that allows unrestricted movement. Built for durability and everyday comfort, the jeans offer the perfect balance of functionality and modern kids' fashion, making them ideal for active lifestyles.
Whether it's a family outing, weekend gathering, vacation, birthday celebration, festive occasion, or casual day out, this Kids Boys Combo offers a coordinated ready-to-style outfit without the effort of pairing separate pieces. The matching denim tones create a sophisticated, fashion-forward look that reflects contemporary trends while remaining versatile enough for multiple occasions.
Designed with Purple United's commitment to premium craftsmanship, quality fabrics, and thoughtful detailing, this Shop the Look combo is made for young trendsetters who value comfort, confidence, and effortless style. Easy to wear, easy to maintain, and designed for long-lasting performance, this coordinated denim outfit is an essential addition to every modern kid's wardrobe.",Purple United Kids,Apparel & Accessories > Clothing,Combo Set,"Apparel, Combo Set, Boys, All Products, NEW LAUNCH",TRUE,Shirt,2-3Y,,Jeans,2-3Y,,,,,8905120595653_8905120601361,200,shopify,,deny,manual,2399,4799,TRUE,TRUE,,,,,PBDNFS003003-BLUE-PBDNJA003267-BLUE,,,,FALSE,Kids Boys Combo | Blue Denim Casual Shirt & Blue Relaxed Fit Denim Jeans | Shop the Look,"Elevate your little one's everyday wardrobe with this premium Purple United Kids Boys Combo, a thoughtfully coordinated Shop the Look outfit designed to bring together timeless denim styling, superior comfort, and everyday versatility. This stylish ensemble includes a blue denim shirt and blue relaxed fit denim jeans, creating a modern double-denim look that is effortlessly fashionable for every occasion.
The blue half-sleeve denim shirt is crafted from premium-quality fabric and features a classic collared silhouette, button-down front, and subtle embroidered detailing that adds a refined touch to its contemporary design. Soft, breathable, and comfortable, it is perfect for all-day wear while delivering a polished casual appearance.
Complementing the shirt are blue relaxed fit denim jeans featuring utility-inspired panel detailing and a comfortable silhouette that allows unrestricted movement. Built for durability and everyday comfort, the jeans offer the perfect balance of functionality and modern kids' fashion, making them ideal for active lifestyles.
Whether it's a family outing, weekend gathering, vacation, birthday celebration, festive occasion, or casual day out, this Kids Boys Combo offers a coordinated ready-to-style outfit without the effort of pairing separate pieces. The matching denim tones create a sophisticated, fashion-forward look that reflects contemporary trends while remaining versatile enough for multiple occasions.
Designed with Purple United's commitment to premium craftsmanship, quality fabrics, and thoughtful detailing, this Shop the Look combo is made for young trendsetters who value comfort, confidence, and effortless style. Easy to wear, easy to maintain, and designed for long-lasting performance, this coordinated denim outfit is an essential addition to every modern kid's wardrobe.",Apparel & Accessories > Clothing,Boys,,,,,,,,,,,Boys,2026,"Item Color: PBDNFS003003-BLUE-PBDNJA003267-BLUE
Fabric: COTTON
Items Included in Packaging: 1 Combo Set
Commodity: Boy's Combo Set",NEW LAUNCH,,,,,,,,,,,,,,,,,,,,,,,kg,,,active
Kids-Boys-Combo-|-Blue-Denim-Casual-Shirt-&-Blue-Relaxed-Fit-Denim-Jeans-|-Shop-the-Look,Kids Boys Combo | Blue Denim Casual Shirt & Blue Relaxed Fit Denim Jeans | Shop the Look,"Elevate your little one's everyday wardrobe with this premium Purple United Kids Boys Combo, a thoughtfully coordinated Shop the Look outfit designed to bring together timeless denim styling, superior comfort, and everyday versatility. This stylish ensemble includes a blue denim shirt and blue relaxed fit denim jeans, creating a modern double-denim look that is effortlessly fashionable for every occasion.
The blue half-sleeve denim shirt is crafted from premium-quality fabric and features a classic collared silhouette, button-down front, and subtle embroidered detailing that adds a refined touch to its contemporary design. Soft, breathable, and comfortable, it is perfect for all-day wear while delivering a polished casual appearance.
Complementing the shirt are blue relaxed fit denim jeans featuring utility-inspired panel detailing and a comfortable silhouette that allows unrestricted movement. Built for durability and everyday comfort, the jeans offer the perfect balance of functionality and modern kids' fashion, making them ideal for active lifestyles.
Whether it's a family outing, weekend gathering, vacation, birthday celebration, festive occasion, or casual day out, this Kids Boys Combo offers a coordinated ready-to-style outfit without the effort of pairing separate pieces. The matching denim tones create a sophisticated, fashion-forward look that reflects contemporary trends while remaining versatile enough for multiple occasions.
Designed with Purple United's commitment to premium craftsmanship, quality fabrics, and thoughtful detailing, this Shop the Look combo is made for young trendsetters who value comfort, confidence, and effortless style. Easy to wear, easy to maintain, and designed for long-lasting performance, this coordinated denim outfit is an essential addition to every modern kid's wardrobe.",Purple United Kids,Apparel & Accessories > Clothing,Combo Set,"Apparel, Combo Set, Boys, All Products, NEW LAUNCH",TRUE,Shirt,3-4Y,,Jeans,3-4Y,,,,,8905120595660_8905120601378,200,shopify,,deny,manual,2399,4799,TRUE,TRUE,,,,,PBDNFS003003-BLUE-PBDNJA003267-BLUE,,,,FALSE,,,Apparel & Accessories > Clothing,Boys,,,,,,,,,,,Boys,2026,"Item Color: PBDNFS003003-BLUE-PBDNJA003267-BLUE
Fabric: COTTON
Items Included in Packaging: 1 Combo Set
Commodity: Boy's Combo Set",NEW LAUNCH,,,,,,,,,,,,,,,,,,,,,,,kg,,,active
Kids-Boys-Combo-|-Blue-Denim-Casual-Shirt-&-Blue-Relaxed-Fit-Denim-Jeans-|-Shop-the-Look,Kids Boys Combo | Blue Denim Casual Shirt & Blue Relaxed Fit Denim Jeans | Shop the Look,"Elevate your little one's everyday wardrobe with this premium Purple United Kids Boys Combo, a thoughtfully coordinated Shop the Look outfit designed to bring together timeless denim styling, superior comfort, and everyday versatility. This stylish ensemble includes a blue denim shirt and blue relaxed fit denim jeans, creating a modern double-denim look that is effortlessly fashionable for every occasion.
The blue half-sleeve denim shirt is crafted from premium-quality fabric and features a classic collared silhouette, button-down front, and subtle embroidered detailing that adds a refined touch to its contemporary design. Soft, breathable, and comfortable, it is perfect for all-day wear while delivering a polished casual appearance.
Complementing the shirt are blue relaxed fit denim jeans featuring utility-inspired panel detailing and a comfortable silhouette that allows unrestricted movement. Built for durability and everyday comfort, the jeans offer the perfect balance of functionality and modern kids' fashion, making them ideal for active lifestyles.
Whether it's a family outing, weekend gathering, vacation, birthday celebration, festive occasion, or casual day out, this Kids Boys Combo offers a coordinated ready-to-style outfit without the effort of pairing separate pieces. The matching denim tones create a sophisticated, fashion-forward look that reflects contemporary trends while remaining versatile enough for multiple occasions.
Designed with Purple United's commitment to premium craftsmanship, quality fabrics, and thoughtful detailing, this Shop the Look combo is made for young trendsetters who value comfort, confidence, and effortless style. Easy to wear, easy to maintain, and designed for long-lasting performance, this coordinated denim outfit is an essential addition to every modern kid's wardrobe.",Purple United Kids,Apparel & Accessories > Clothing,Combo Set,"Apparel, Combo Set, Boys, All Products, NEW LAUNCH",TRUE,Shirt,4-5Y,,Jeans,4-5Y,,,,,8905120595677_8905120601385,200,shopify,,deny,manual,2399,4799,TRUE,TRUE,,,,,PBDNFS003003-BLUE-PBDNJA003267-BLUE,,,,FALSE,,,Apparel & Accessories > Clothing,Boys,,,,,,,,,,,Boys,2026,"Item Color: PBDNFS003003-BLUE-PBDNJA003267-BLUE
Fabric: COTTON
Items Included in Packaging: 1 Combo Set
Commodity: Boy's Combo Set",NEW LAUNCH,,,,,,,,,,,,,,,,,,,,,,,kg,,,active
Kids-Boys-Combo-|-Blue-Denim-Casual-Shirt-&-Blue-Relaxed-Fit-Denim-Jeans-|-Shop-the-Look,Kids Boys Combo | Blue Denim Casual Shirt & Blue Relaxed Fit Denim Jeans | Shop the Look,"Elevate your little one's everyday wardrobe with this premium Purple United Kids Boys Combo, a thoughtfully coordinated Shop the Look outfit designed to bring together timeless denim styling, superior comfort, and everyday versatility. This stylish ensemble includes a blue denim shirt and blue relaxed fit denim jeans, creating a modern double-denim look that is effortlessly fashionable for every occasion.
The blue half-sleeve denim shirt is crafted from premium-quality fabric and features a classic collared silhouette, button-down front, and subtle embroidered detailing that adds a refined touch to its contemporary design. Soft, breathable, and comfortable, it is perfect for all-day wear while delivering a polished casual appearance.
Complementing the shirt are blue relaxed fit denim jeans featuring utility-inspired panel detailing and a comfortable silhouette that allows unrestricted movement. Built for durability and everyday comfort, the jeans offer the perfect balance of functionality and modern kids' fashion, making them ideal for active lifestyles.
Whether it's a family outing, weekend gathering, vacation, birthday celebration, festive occasion, or casual day out, this Kids Boys Combo offers a coordinated ready-to-style outfit without the effort of pairing separate pieces. The matching denim tones create a sophisticated, fashion-forward look that reflects contemporary trends while remaining versatile enough for multiple occasions.
Designed with Purple United's commitment to premium craftsmanship, quality fabrics, and thoughtful detailing, this Shop the Look combo is made for young trendsetters who value comfort, confidence, and effortless style. Easy to wear, easy to maintain, and designed for long-lasting performance, this coordinated denim outfit is an essential addition to every modern kid's wardrobe.",Purple United Kids,Apparel & Accessories > Clothing,Combo Set,"Apparel, Combo Set, Boys, All Products, NEW LAUNCH",TRUE,Shirt,5-6Y,,Jeans,5-6Y,,,,,8905120595684_8905120601392,200,shopify,,deny,manual,2399,4799,TRUE,TRUE,,,,,PBDNFS003003-BLUE-PBDNJA003267-BLUE,,,,FALSE,,,Apparel & Accessories > Clothing,Boys,,,,,,,,,,,Boys,2026,"Item Color: PBDNFS003003-BLUE-PBDNJA003267-BLUE
Fabric: COTTON
Items Included in Packaging: 1 Combo Set
Commodity: Boy's Combo Set",NEW LAUNCH,,,,,,,,,,,,,,,,,,,,,,,kg,,,active
Kids-Boys-Combo-|-Blue-Denim-Casual-Shirt-&-Blue-Relaxed-Fit-Denim-Jeans-|-Shop-the-Look,Kids Boys Combo | Blue Denim Casual Shirt & Blue Relaxed Fit Denim Jeans | Shop the Look,"Elevate your little one's everyday wardrobe with this premium Purple United Kids Boys Combo, a thoughtfully coordinated Shop the Look outfit designed to bring together timeless denim styling, superior comfort, and everyday versatility. This stylish ensemble includes a blue denim shirt and blue relaxed fit denim jeans, creating a modern double-denim look that is effortlessly fashionable for every occasion.
The blue half-sleeve denim shirt is crafted from premium-quality fabric and features a classic collared silhouette, button-down front, and subtle embroidered detailing that adds a refined touch to its contemporary design. Soft, breathable, and comfortable, it is perfect for all-day wear while delivering a polished casual appearance.
Complementing the shirt are blue relaxed fit denim jeans featuring utility-inspired panel detailing and a comfortable silhouette that allows unrestricted movement. Built for durability and everyday comfort, the jeans offer the perfect balance of functionality and modern kids' fashion, making them ideal for active lifestyles.
Whether it's a family outing, weekend gathering, vacation, birthday celebration, festive occasion, or casual day out, this Kids Boys Combo offers a coordinated ready-to-style outfit without the effort of pairing separate pieces. The matching denim tones create a sophisticated, fashion-forward look that reflects contemporary trends while remaining versatile enough for multiple occasions.
Designed with Purple United's commitment to premium craftsmanship, quality fabrics, and thoughtful detailing, this Shop the Look combo is made for young trendsetters who value comfort, confidence, and effortless style. Easy to wear, easy to maintain, and designed for long-lasting performance, this coordinated denim outfit is an essential addition to every modern kid's wardrobe.",Purple United Kids,Apparel & Accessories > Clothing,Combo Set,"Apparel, Combo Set, Boys, All Products, NEW LAUNCH",TRUE,Shirt,7-8Y,,Jeans,7-8Y,,,,,8905120595691_8905120601408,200,shopify,,deny,manual,2399,4799,TRUE,TRUE,,,,,PBDNFS003003-BLUE-PBDNJA003267-BLUE,,,,FALSE,,,Apparel & Accessories > Clothing,Boys,,,,,,,,,,,Boys,2026,"Item Color: PBDNFS003003-BLUE-PBDNJA003267-BLUE
Fabric: COTTON
Items Included in Packaging: 1 Combo Set
Commodity: Boy's Combo Set",NEW LAUNCH,,,,,,,,,,,,,,,,,,,,,,,kg,,,active
Kids-Boys-Combo-|-Blue-Denim-Casual-Shirt-&-Blue-Relaxed-Fit-Denim-Jeans-|-Shop-the-Look,Kids Boys Combo | Blue Denim Casual Shirt & Blue Relaxed Fit Denim Jeans | Shop the Look,"Elevate your little one's everyday wardrobe with this premium Purple United Kids Boys Combo, a thoughtfully coordinated Shop the Look outfit designed to bring together timeless denim styling, superior comfort, and everyday versatility. This stylish ensemble includes a blue denim shirt and blue relaxed fit denim jeans, creating a modern double-denim look that is effortlessly fashionable for every occasion.
The blue half-sleeve denim shirt is crafted from premium-quality fabric and features a classic collared silhouette, button-down front, and subtle embroidered detailing that adds a refined touch to its contemporary design. Soft, breathable, and comfortable, it is perfect for all-day wear while delivering a polished casual appearance.
Complementing the shirt are blue relaxed fit denim jeans featuring utility-inspired panel detailing and a comfortable silhouette that allows unrestricted movement. Built for durability and everyday comfort, the jeans offer the perfect balance of functionality and modern kids' fashion, making them ideal for active lifestyles.
Whether it's a family outing, weekend gathering, vacation, birthday celebration, festive occasion, or casual day out, this Kids Boys Combo offers a coordinated ready-to-style outfit without the effort of pairing separate pieces. The matching denim tones create a sophisticated, fashion-forward look that reflects contemporary trends while remaining versatile enough for multiple occasions.
Designed with Purple United's commitment to premium craftsmanship, quality fabrics, and thoughtful detailing, this Shop the Look combo is made for young trendsetters who value comfort, confidence, and effortless style. Easy to wear, easy to maintain, and designed for long-lasting performance, this coordinated denim outfit is an essential addition to every modern kid's wardrobe.",Purple United Kids,Apparel & Accessories > Clothing,Combo Set,"Apparel, Combo Set, Boys, All Products, NEW LAUNCH",TRUE,Shirt,9-10Y,,Jeans,9-10Y,,,,,8905120595707_8905120601415,200,shopify,,deny,manual,2399,4799,TRUE,TRUE,,,,,PBDNFS003003-BLUE-PBDNJA003267-BLUE,,,,FALSE,,,Apparel & Accessories > Clothing,Boys,,,,,,,,,,,Boys,2026,"Item Color: PBDNFS003003-BLUE-PBDNJA003267-BLUE
Fabric: COTTON
Items Included in Packaging: 1 Combo Set
Commodity: Boy's Combo Set",NEW LAUNCH,,,,,,,,,,,,,,,,,,,,,,,kg,,,active
Kids-Boys-Combo-|-Blue-Denim-Casual-Shirt-&-Blue-Relaxed-Fit-Denim-Jeans-|-Shop-the-Look,Kids Boys Combo | Blue Denim Casual Shirt & Blue Relaxed Fit Denim Jeans | Shop the Look,"Elevate your little one's everyday wardrobe with this premium Purple United Kids Boys Combo, a thoughtfully coordinated Shop the Look outfit designed to bring together timeless denim styling, superior comfort, and everyday versatility. This stylish ensemble includes a blue denim shirt and blue relaxed fit denim jeans, creating a modern double-denim look that is effortlessly fashionable for every occasion.
The blue half-sleeve denim shirt is crafted from premium-quality fabric and features a classic collared silhouette, button-down front, and subtle embroidered detailing that adds a refined touch to its contemporary design. Soft, breathable, and comfortable, it is perfect for all-day wear while delivering a polished casual appearance.
Complementing the shirt are blue relaxed fit denim jeans featuring utility-inspired panel detailing and a comfortable silhouette that allows unrestricted movement. Built for durability and everyday comfort, the jeans offer the perfect balance of functionality and modern kids' fashion, making them ideal for active lifestyles.
Whether it's a family outing, weekend gathering, vacation, birthday celebration, festive occasion, or casual day out, this Kids Boys Combo offers a coordinated ready-to-style outfit without the effort of pairing separate pieces. The matching denim tones create a sophisticated, fashion-forward look that reflects contemporary trends while remaining versatile enough for multiple occasions.
Designed with Purple United's commitment to premium craftsmanship, quality fabrics, and thoughtful detailing, this Shop the Look combo is made for young trendsetters who value comfort, confidence, and effortless style. Easy to wear, easy to maintain, and designed for long-lasting performance, this coordinated denim outfit is an essential addition to every modern kid's wardrobe.",Purple United Kids,Apparel & Accessories > Clothing,Combo Set,"Apparel, Combo Set, Boys, All Products, NEW LAUNCH",TRUE,Shirt,11-12Y,,Jeans,11-12Y,,,,,8905120595714_8905120601422,200,shopify,,deny,manual,2399,4799,TRUE,TRUE,,,,,PBDNFS003003-BLUE-PBDNJA003267-BLUE,,,,FALSE,,,Apparel & Accessories > Clothing,Boys,,,,,,,,,,,Boys,2026,"Item Color: PBDNFS003003-BLUE-PBDNJA003267-BLUE
Fabric: COTTON
Items Included in Packaging: 1 Combo Set
Commodity: Boy's Combo Set",NEW LAUNCH,,,,,,,,,,,,,,,,,,,,,,,kg,,,active
Kids-Boys-Combo-|-Blue-Denim-Casual-Shirt-&-Blue-Relaxed-Fit-Denim-Jeans-|-Shop-the-Look,Kids Boys Combo | Blue Denim Casual Shirt & Blue Relaxed Fit Denim Jeans | Shop the Look,"Elevate your little one's everyday wardrobe with this premium Purple United Kids Boys Combo, a thoughtfully coordinated Shop the Look outfit designed to bring together timeless denim styling, superior comfort, and everyday versatility. This stylish ensemble includes a blue denim shirt and blue relaxed fit denim jeans, creating a modern double-denim look that is effortlessly fashionable for every occasion.
The blue half-sleeve denim shirt is crafted from premium-quality fabric and features a classic collared silhouette, button-down front, and subtle embroidered detailing that adds a refined touch to its contemporary design. Soft, breathable, and comfortable, it is perfect for all-day wear while delivering a polished casual appearance.
Complementing the shirt are blue relaxed fit denim jeans featuring utility-inspired panel detailing and a comfortable silhouette that allows unrestricted movement. Built for durability and everyday comfort, the jeans offer the perfect balance of functionality and modern kids' fashion, making them ideal for active lifestyles.
Whether it's a family outing, weekend gathering, vacation, birthday celebration, festive occasion, or casual day out, this Kids Boys Combo offers a coordinated ready-to-style outfit without the effort of pairing separate pieces. The matching denim tones create a sophisticated, fashion-forward look that reflects contemporary trends while remaining versatile enough for multiple occasions.
Designed with Purple United's commitment to premium craftsmanship, quality fabrics, and thoughtful detailing, this Shop the Look combo is made for young trendsetters who value comfort, confidence, and effortless style. Easy to wear, easy to maintain, and designed for long-lasting performance, this coordinated denim outfit is an essential addition to every modern kid's wardrobe.",Purple United Kids,Apparel & Accessories > Clothing,Combo Set,"Apparel, Combo Set, Boys, All Products, NEW LAUNCH",TRUE,Shirt,13-14Y,,Jeans,13-14Y,,,,,8905120595721_8905120601439,200,shopify,,deny,manual,2399,4799,TRUE,TRUE,,,,,PBDNFS003003-BLUE-PBDNJA003267-BLUE,,,,FALSE,,,Apparel & Accessories > Clothing,Boys,,,,,,,,,,,Boys,2026,"Item Color: PBDNFS003003-BLUE-PBDNJA003267-BLUE
Fabric: COTTON
Items Included in Packaging: 1 Combo Set
Commodity: Boy's Combo Set",NEW LAUNCH,,,,,,,,,,,,,,,,,,,,,,,kg,,,active
Kids-Boys-Combo-|-Blue-Comfort-Denim-Shirt-&-Grey-Relaxed-Fit-Denim-Jeans-|-Shop-the-Look,Kids Boys Combo | Blue Comfort Denim Shirt & Grey Relaxed Fit Denim Jeans | Shop the Look,"Upgrade your little one's wardrobe with this premium Purple United Kids Boys Combo, a thoughtfully coordinated Shop the Look outfit that combines timeless denim styling with contemporary comfort and everyday versatility. This stylish ensemble features a light blue denim shirt paired with grey relaxed fit denim jeans, creating a refined contrast that delivers a modern and effortlessly fashionable look.
The light blue denim shirt is crafted from premium-quality fabric and features a classic collared design, button-down front, and a clean washed finish that adds a sophisticated touch to everyday dressing. Soft, breathable, and comfortable, it is designed to keep kids feeling at ease throughout the day while offering a polished casual appearance.
Complementing the shirt are grey relaxed fit denim jeans featuring utility-inspired panel detailing and a comfortable silhouette that allows unrestricted movement. Crafted for durability and everyday comfort, the jeans combine premium construction with versatile styling, making them an essential choice for active kids.
Whether it's a family outing, weekend plans, vacations, birthday celebrations, casual gatherings, or everyday adventures, this Kids Boys Combo offers a coordinated ready-to-style outfit without the hassle of pairing separate pieces. The contrast of light blue denim with grey jeans creates a contemporary aesthetic that is easy to style across seasons and occasions.
Designed with Purple United's commitment to premium craftsmanship, quality fabrics, and thoughtful detailing, this Shop the Look combo delivers the perfect balance of style, durability, and comfort. Easy to wear, easy to maintain, and designed for growing trendsetters, this coordinated denim outfit is a versatile wardrobe essential for kids who love effortless fashion with everyday functionality.",Purple United Kids,Apparel & Accessories > Clothing,Combo Set,"Apparel, Combo Set, Boys, All Products, NEW LAUNCH",TRUE,Shirt,2-3Y,,Jeans,2-3Y,,,,,8905120393181_8905120601200,200,shopify,,deny,manual,2499,4999,TRUE,TRUE,,,,,PBDNSS001233-BLUE-PBDNJA003267-GREY,,,,FALSE,Kids Boys Combo | Blue Comfort Denim Shirt & Grey Relaxed Fit Denim Jeans | Shop the Look,"Upgrade your little one's wardrobe with this premium Purple United Kids Boys Combo, a thoughtfully coordinated Shop the Look outfit that combines timeless denim styling with contemporary comfort and everyday versatility. This stylish ensemble features a light blue denim shirt paired with grey relaxed fit denim jeans, creating a refined contrast that delivers a modern and effortlessly fashionable look.
The light blue denim shirt is crafted from premium-quality fabric and features a classic collared design, button-down front, and a clean washed finish that adds a sophisticated touch to everyday dressing. Soft, breathable, and comfortable, it is designed to keep kids feeling at ease throughout the day while offering a polished casual appearance.
Complementing the shirt are grey relaxed fit denim jeans featuring utility-inspired panel detailing and a comfortable silhouette that allows unrestricted movement. Crafted for durability and everyday comfort, the jeans combine premium construction with versatile styling, making them an essential choice for active kids.
Whether it's a family outing, weekend plans, vacations, birthday celebrations, casual gatherings, or everyday adventures, this Kids Boys Combo offers a coordinated ready-to-style outfit without the hassle of pairing separate pieces. The contrast of light blue denim with grey jeans creates a contemporary aesthetic that is easy to style across seasons and occasions.
Designed with Purple United's commitment to premium craftsmanship, quality fabrics, and thoughtful detailing, this Shop the Look combo delivers the perfect balance of style, durability, and comfort. Easy to wear, easy to maintain, and designed for growing trendsetters, this coordinated denim outfit is a versatile wardrobe essential for kids who love effortless fashion with everyday functionality.",Apparel & Accessories > Clothing,Boys,,,,,,,,,,,Boys,2026,"Item Color: PBDNSS001233-BLUE-PBDNJA003267-GREY
Fabric: COTTON
Items Included in Packaging: 1 Combo Set
Commodity: Boy's Combo Set",NEW LAUNCH,,,,,,,,,,,,,,,,,,,,,,,kg,,,active
Kids-Boys-Combo-|-Blue-Comfort-Denim-Shirt-&-Grey-Relaxed-Fit-Denim-Jeans-|-Shop-the-Look,Kids Boys Combo | Blue Comfort Denim Shirt & Grey Relaxed Fit Denim Jeans | Shop the Look,"Upgrade your little one's wardrobe with this premium Purple United Kids Boys Combo, a thoughtfully coordinated Shop the Look outfit that combines timeless denim styling with contemporary comfort and everyday versatility. This stylish ensemble features a light blue denim shirt paired with grey relaxed fit denim jeans, creating a refined contrast that delivers a modern and effortlessly fashionable look.
The light blue denim shirt is crafted from premium-quality fabric and features a classic collared design, button-down front, and a clean washed finish that adds a sophisticated touch to everyday dressing. Soft, breathable, and comfortable, it is designed to keep kids feeling at ease throughout the day while offering a polished casual appearance.
Complementing the shirt are grey relaxed fit denim jeans featuring utility-inspired panel detailing and a comfortable silhouette that allows unrestricted movement. Crafted for durability and everyday comfort, the jeans combine premium construction with versatile styling, making them an essential choice for active kids.
Whether it's a family outing, weekend plans, vacations, birthday celebrations, casual gatherings, or everyday adventures, this Kids Boys Combo offers a coordinated ready-to-style outfit without the hassle of pairing separate pieces. The contrast of light blue denim with grey jeans creates a contemporary aesthetic that is easy to style across seasons and occasions.
Designed with Purple United's commitment to premium craftsmanship, quality fabrics, and thoughtful detailing, this Shop the Look combo delivers the perfect balance of style, durability, and comfort. Easy to wear, easy to maintain, and designed for growing trendsetters, this coordinated denim outfit is a versatile wardrobe essential for kids who love effortless fashion with everyday functionality.",Purple United Kids,Apparel & Accessories > Clothing,Combo Set,"Apparel, Combo Set, Boys, All Products, NEW LAUNCH",TRUE,Shirt,3-4Y,,Jeans,3-4Y,,,,,8905120393198_8905120601217,200,shopify,,deny,manual,2499,4999,TRUE,TRUE,,,,,PBDNSS001233-BLUE-PBDNJA003267-GREY,,,,FALSE,,,Apparel & Accessories > Clothing,Boys,,,,,,,,,,,Boys,2026,"Item Color: PBDNSS001233-BLUE-PBDNJA003267-GREY
Fabric: COTTON
Items Included in Packaging: 1 Combo Set
Commodity: Boy's Combo Set",NEW LAUNCH,,,,,,,,,,,,,,,,,,,,,,,kg,,,active
Kids-Boys-Combo-|-Blue-Comfort-Denim-Shirt-&-Grey-Relaxed-Fit-Denim-Jeans-|-Shop-the-Look,Kids Boys Combo | Blue Comfort Denim Shirt & Grey Relaxed Fit Denim Jeans | Shop the Look,"Upgrade your little one's wardrobe with this premium Purple United Kids Boys Combo, a thoughtfully coordinated Shop the Look outfit that combines timeless denim styling with contemporary comfort and everyday versatility. This stylish ensemble features a light blue denim shirt paired with grey relaxed fit denim jeans, creating a refined contrast that delivers a modern and effortlessly fashionable look.
The light blue denim shirt is crafted from premium-quality fabric and features a classic collared design, button-down front, and a clean washed finish that adds a sophisticated touch to everyday dressing. Soft, breathable, and comfortable, it is designed to keep kids feeling at ease throughout the day while offering a polished casual appearance.
Complementing the shirt are grey relaxed fit denim jeans featuring utility-inspired panel detailing and a comfortable silhouette that allows unrestricted movement. Crafted for durability and everyday comfort, the jeans combine premium construction with versatile styling, making them an essential choice for active kids.
Whether it's a family outing, weekend plans, vacations, birthday celebrations, casual gatherings, or everyday adventures, this Kids Boys Combo offers a coordinated ready-to-style outfit without the hassle of pairing separate pieces. The contrast of light blue denim with grey jeans creates a contemporary aesthetic that is easy to style across seasons and occasions.
Designed with Purple United's commitment to premium craftsmanship, quality fabrics, and thoughtful detailing, this Shop the Look combo delivers the perfect balance of style, durability, and comfort. Easy to wear, easy to maintain, and designed for growing trendsetters, this coordinated denim outfit is a versatile wardrobe essential for kids who love effortless fashion with everyday functionality.",Purple United Kids,Apparel & Accessories > Clothing,Combo Set,"Apparel, Combo Set, Boys, All Products, NEW LAUNCH",TRUE,Shirt,4-5Y,,Jeans,4-5Y,,,,,8905120393204_8905120601224,200,shopify,,deny,manual,2499,4999,TRUE,TRUE,,,,,PBDNSS001233-BLUE-PBDNJA003267-GREY,,,,FALSE,,,Apparel & Accessories > Clothing,Boys,,,,,,,,,,,Boys,2026,"Item Color: PBDNSS001233-BLUE-PBDNJA003267-GREY
Fabric: COTTON
Items Included in Packaging: 1 Combo Set
Commodity: Boy's Combo Set",NEW LAUNCH,,,,,,,,,,,,,,,,,,,,,,,kg,,,active
Kids-Boys-Combo-|-Blue-Comfort-Denim-Shirt-&-Grey-Relaxed-Fit-Denim-Jeans-|-Shop-the-Look,Kids Boys Combo | Blue Comfort Denim Shirt & Grey Relaxed Fit Denim Jeans | Shop the Look,"Upgrade your little one's wardrobe with this premium Purple United Kids Boys Combo, a thoughtfully coordinated Shop the Look outfit that combines timeless denim styling with contemporary comfort and everyday versatility. This stylish ensemble features a light blue denim shirt paired with grey relaxed fit denim jeans, creating a refined contrast that delivers a modern and effortlessly fashionable look.
The light blue denim shirt is crafted from premium-quality fabric and features a classic collared design, button-down front, and a clean washed finish that adds a sophisticated touch to everyday dressing. Soft, breathable, and comfortable, it is designed to keep kids feeling at ease throughout the day while offering a polished casual appearance.
Complementing the shirt are grey relaxed fit denim jeans featuring utility-inspired panel detailing and a comfortable silhouette that allows unrestricted movement. Crafted for durability and everyday comfort, the jeans combine premium construction with versatile styling, making them an essential choice for active kids.
Whether it's a family outing, weekend plans, vacations, birthday celebrations, casual gatherings, or everyday adventures, this Kids Boys Combo offers a coordinated ready-to-style outfit without the hassle of pairing separate pieces. The contrast of light blue denim with grey jeans creates a contemporary aesthetic that is easy to style across seasons and occasions.
Designed with Purple United's commitment to premium craftsmanship, quality fabrics, and thoughtful detailing, this Shop the Look combo delivers the perfect balance of style, durability, and comfort. Easy to wear, easy to maintain, and designed for growing trendsetters, this coordinated denim outfit is a versatile wardrobe essential for kids who love effortless fashion with everyday functionality.",Purple United Kids,Apparel & Accessories > Clothing,Combo Set,"Apparel, Combo Set, Boys, All Products, NEW LAUNCH",TRUE,Shirt,5-6Y,,Jeans,5-6Y,,,,,8905120393211_8905120601231,200,shopify,,deny,manual,2499,4999,TRUE,TRUE,,,,,PBDNSS001233-BLUE-PBDNJA003267-GREY,,,,FALSE,,,Apparel & Accessories > Clothing,Boys,,,,,,,,,,,Boys,2026,"Item Color: PBDNSS001233-BLUE-PBDNJA003267-GREY
Fabric: COTTON
Items Included in Packaging: 1 Combo Set
Commodity: Boy's Combo Set",NEW LAUNCH,,,,,,,,,,,,,,,,,,,,,,,kg,,,active
Kids-Boys-Combo-|-Blue-Comfort-Denim-Shirt-&-Grey-Relaxed-Fit-Denim-Jeans-|-Shop-the-Look,Kids Boys Combo | Blue Comfort Denim Shirt & Grey Relaxed Fit Denim Jeans | Shop the Look,"Upgrade your little one's wardrobe with this premium Purple United Kids Boys Combo, a thoughtfully coordinated Shop the Look outfit that combines timeless denim styling with contemporary comfort and everyday versatility. This stylish ensemble features a light blue denim shirt paired with grey relaxed fit denim jeans, creating a refined contrast that delivers a modern and effortlessly fashionable look.
The light blue denim shirt is crafted from premium-quality fabric and features a classic collared design, button-down front, and a clean washed finish that adds a sophisticated touch to everyday dressing. Soft, breathable, and comfortable, it is designed to keep kids feeling at ease throughout the day while offering a polished casual appearance.
Complementing the shirt are grey relaxed fit denim jeans featuring utility-inspired panel detailing and a comfortable silhouette that allows unrestricted movement. Crafted for durability and everyday comfort, the jeans combine premium construction with versatile styling, making them an essential choice for active kids.
Whether it's a family outing, weekend plans, vacations, birthday celebrations, casual gatherings, or everyday adventures, this Kids Boys Combo offers a coordinated ready-to-style outfit without the hassle of pairing separate pieces. The contrast of light blue denim with grey jeans creates a contemporary aesthetic that is easy to style across seasons and occasions.
Designed with Purple United's commitment to premium craftsmanship, quality fabrics, and thoughtful detailing, this Shop the Look combo delivers the perfect balance of style, durability, and comfort. Easy to wear, easy to maintain, and designed for growing trendsetters, this coordinated denim outfit is a versatile wardrobe essential for kids who love effortless fashion with everyday functionality.",Purple United Kids,Apparel & Accessories > Clothing,Combo Set,"Apparel, Combo Set, Boys, All Products, NEW LAUNCH",TRUE,Shirt,7-8Y,,Jeans,7-8Y,,,,,8905120393228_8905120601248,200,shopify,,deny,manual,2499,4999,TRUE,TRUE,,,,,PBDNSS001233-BLUE-PBDNJA003267-GREY,,,,FALSE,,,Apparel & Accessories > Clothing,Boys,,,,,,,,,,,Boys,2026,"Item Color: PBDNSS001233-BLUE-PBDNJA003267-GREY
Fabric: COTTON
Items Included in Packaging: 1 Combo Set
Commodity: Boy's Combo Set",NEW LAUNCH,,,,,,,,,,,,,,,,,,,,,,,kg,,,active
Kids-Boys-Combo-|-Blue-Comfort-Denim-Shirt-&-Grey-Relaxed-Fit-Denim-Jeans-|-Shop-the-Look,Kids Boys Combo | Blue Comfort Denim Shirt & Grey Relaxed Fit Denim Jeans | Shop the Look,"Upgrade your little one's wardrobe with this premium Purple United Kids Boys Combo, a thoughtfully coordinated Shop the Look outfit that combines timeless denim styling with contemporary comfort and everyday versatility. This stylish ensemble features a light blue denim shirt paired with grey relaxed fit denim jeans, creating a refined contrast that delivers a modern and effortlessly fashionable look.
The light blue denim shirt is crafted from premium-quality fabric and features a classic collared design, button-down front, and a clean washed finish that adds a sophisticated touch to everyday dressing. Soft, breathable, and comfortable, it is designed to keep kids feeling at ease throughout the day while offering a polished casual appearance.
Complementing the shirt are grey relaxed fit denim jeans featuring utility-inspired panel detailing and a comfortable silhouette that allows unrestricted movement. Crafted for durability and everyday comfort, the jeans combine premium construction with versatile styling, making them an essential choice for active kids.
Whether it's a family outing, weekend plans, vacations, birthday celebrations, casual gatherings, or everyday adventures, this Kids Boys Combo offers a coordinated ready-to-style outfit without the hassle of pairing separate pieces. The contrast of light blue denim with grey jeans creates a contemporary aesthetic that is easy to style across seasons and occasions.
Designed with Purple United's commitment to premium craftsmanship, quality fabrics, and thoughtful detailing, this Shop the Look combo delivers the perfect balance of style, durability, and comfort. Easy to wear, easy to maintain, and designed for growing trendsetters, this coordinated denim outfit is a versatile wardrobe essential for kids who love effortless fashion with everyday functionality.",Purple United Kids,Apparel & Accessories > Clothing,Combo Set,"Apparel, Combo Set, Boys, All Products, NEW LAUNCH",TRUE,Shirt,9-10Y,,Jeans,9-10Y,,,,,8905120393235_8905120601255,200,shopify,,deny,manual,2499,4999,TRUE,TRUE,,,,,PBDNSS001233-BLUE-PBDNJA003267-GREY,,,,FALSE,,,Apparel & Accessories > Clothing,Boys,,,,,,,,,,,Boys,2026,"Item Color: PBDNSS001233-BLUE-PBDNJA003267-GREY
Fabric: COTTON
Items Included in Packaging: 1 Combo Set
Commodity: Boy's Combo Set",NEW LAUNCH,,,,,,,,,,,,,,,,,,,,,,,kg,,,active
Kids-Boys-Combo-|-Blue-Comfort-Denim-Shirt-&-Grey-Relaxed-Fit-Denim-Jeans-|-Shop-the-Look,Kids Boys Combo | Blue Comfort Denim Shirt & Grey Relaxed Fit Denim Jeans | Shop the Look,"Upgrade your little one's wardrobe with this premium Purple United Kids Boys Combo, a thoughtfully coordinated Shop the Look outfit that combines timeless denim styling with contemporary comfort and everyday versatility. This stylish ensemble features a light blue denim shirt paired with grey relaxed fit denim jeans, creating a refined contrast that delivers a modern and effortlessly fashionable look.
The light blue denim shirt is crafted from premium-quality fabric and features a classic collared design, button-down front, and a clean washed finish that adds a sophisticated touch to everyday dressing. Soft, breathable, and comfortable, it is designed to keep kids feeling at ease throughout the day while offering a polished casual appearance.
Complementing the shirt are grey relaxed fit denim jeans featuring utility-inspired panel detailing and a comfortable silhouette that allows unrestricted movement. Crafted for durability and everyday comfort, the jeans combine premium construction with versatile styling, making them an essential choice for active kids.
Whether it's a family outing, weekend plans, vacations, birthday celebrations, casual gatherings, or everyday adventures, this Kids Boys Combo offers a coordinated ready-to-style outfit without the hassle of pairing separate pieces. The contrast of light blue denim with grey jeans creates a contemporary aesthetic that is easy to style across seasons and occasions.
Designed with Purple United's commitment to premium craftsmanship, quality fabrics, and thoughtful detailing, this Shop the Look combo delivers the perfect balance of style, durability, and comfort. Easy to wear, easy to maintain, and designed for growing trendsetters, this coordinated denim outfit is a versatile wardrobe essential for kids who love effortless fashion with everyday functionality.",Purple United Kids,Apparel & Accessories > Clothing,Combo Set,"Apparel, Combo Set, Boys, All Products, NEW LAUNCH",TRUE,Shirt,11-12Y,,Jeans,11-12Y,,,,,8905120393242_8905120601262,200,shopify,,deny,manual,2499,4999,TRUE,TRUE,,,,,PBDNSS001233-BLUE-PBDNJA003267-GREY,,,,FALSE,,,Apparel & Accessories > Clothing,Boys,,,,,,,,,,,Boys,2026,"Item Color: PBDNSS001233-BLUE-PBDNJA003267-GREY
Fabric: COTTON
Items Included in Packaging: 1 Combo Set
Commodity: Boy's Combo Set",NEW LAUNCH,,,,,,,,,,,,,,,,,,,,,,,kg,,,active
Kids-Boys-Combo-|-Blue-Comfort-Denim-Shirt-&-Grey-Relaxed-Fit-Denim-Jeans-|-Shop-the-Look,Kids Boys Combo | Blue Comfort Denim Shirt & Grey Relaxed Fit Denim Jeans | Shop the Look,"Upgrade your little one's wardrobe with this premium Purple United Kids Boys Combo, a thoughtfully coordinated Shop the Look outfit that combines timeless denim styling with contemporary comfort and everyday versatility. This stylish ensemble features a light blue denim shirt paired with grey relaxed fit denim jeans, creating a refined contrast that delivers a modern and effortlessly fashionable look.
The light blue denim shirt is crafted from premium-quality fabric and features a classic collared design, button-down front, and a clean washed finish that adds a sophisticated touch to everyday dressing. Soft, breathable, and comfortable, it is designed to keep kids feeling at ease throughout the day while offering a polished casual appearance.
Complementing the shirt are grey relaxed fit denim jeans featuring utility-inspired panel detailing and a comfortable silhouette that allows unrestricted movement. Crafted for durability and everyday comfort, the jeans combine premium construction with versatile styling, making them an essential choice for active kids.
Whether it's a family outing, weekend plans, vacations, birthday celebrations, casual gatherings, or everyday adventures, this Kids Boys Combo offers a coordinated ready-to-style outfit without the hassle of pairing separate pieces. The contrast of light blue denim with grey jeans creates a contemporary aesthetic that is easy to style across seasons and occasions.
Designed with Purple United's commitment to premium craftsmanship, quality fabrics, and thoughtful detailing, this Shop the Look combo delivers the perfect balance of style, durability, and comfort. Easy to wear, easy to maintain, and designed for growing trendsetters, this coordinated denim outfit is a versatile wardrobe essential for kids who love effortless fashion with everyday functionality.",Purple United Kids,Apparel & Accessories > Clothing,Combo Set,"Apparel, Combo Set, Boys, All Products, NEW LAUNCH",TRUE,Shirt,13-14Y,,Jeans,13-14Y,,,,,8905120393259_8905120601279,200,shopify,,deny,manual,2499,4999,TRUE,TRUE,,,,,PBDNSS001233-BLUE-PBDNJA003267-GREY,,,,FALSE,,,Apparel & Accessories > Clothing,Boys,,,,,,,,,,,Boys,2026,"Item Color: PBDNSS001233-BLUE-PBDNJA003267-GREY
Fabric: COTTON
Items Included in Packaging: 1 Combo Set
Commodity: Boy's Combo Set",NEW LAUNCH,,,,,,,,,,,,,,,,,,,,,,,kg,,,active
Kids-Boys-Combo-|-Orange-Casual-Wear-Tshirt-&-Black-Relaxed-Fit-Denim-Jeans-|-Shop-the-Look,Kids Boys Combo | Orange Casual Wear Tshirt & Black Relaxed Fit Denim Jeans | Shop the Look,"Bring effortless style to your little one's wardrobe with this premium Purple United Kids Boys Combo, a thoughtfully curated Shop the Look outfit that blends vibrant design, everyday comfort, and contemporary fashion. This coordinated ensemble features an orange Surf Rider graphic Tshirt paired with black relaxed fit denim jeans, creating a bold yet versatile outfit for every adventure.
The orange half-sleeve Tshirt is crafted from soft, breathable fabric and showcases a playful Surf Rider graphic inspired by beach vibes and outdoor fun. Lightweight and comfortable, it keeps kids feeling fresh throughout the day while adding a lively, energetic touch to their everyday style.
Complementing the T-shirt are premium black denim jeans designed with a relaxed fit that allows unrestricted movement and all-day comfort. Crafted from durable denim, the jeans combine timeless styling with practical wearability, making them an ideal choice for active kids who need both comfort and durability.
Whether it's a family outing, vacation, birthday celebration, weekend plans, playdate, or a casual day outdoors, this Kids Boys Combo offers a complete ready-to-style outfit without the hassle of mixing and matching. The vibrant orange Tshirt and classic black denim jeans create a balanced, fashion-forward look that's suitable across seasons and occasions.
Designed with Purple United's commitment to premium craftsmanship, quality fabrics, and modern kids' fashion, this Shop the Look combo delivers the perfect balance of style, comfort, and durability. Easy to wear, easy to maintain, and versatile enough for everyday dressing, this coordinated outfit is an essential wardrobe addition for young explorers who love confidence, comfort, and effortless style.",Purple United Kids,Apparel & Accessories > Clothing,Combo Set,"Apparel, Combo Set, Boys, All Products, NEW LAUNCH",TRUE,T-Shirt,2-3Y,,Jeans,2-3Y,,,,,8905120571565-8905120596698,200,shopify,,deny,manual,1649,3299,TRUE,TRUE,,,,,PBDNJA003001-BLACK-PBTSHS003580-ORANGE,,,,FALSE,Kids Boys Combo | Orange Casual Wear Tshirt & Black Relaxed Fit Denim Jeans | Shop the Look,"Bring effortless style to your little one's wardrobe with this premium Purple United Kids Boys Combo, a thoughtfully curated Shop the Look outfit that blends vibrant design, everyday comfort, and contemporary fashion. This coordinated ensemble features an orange Surf Rider graphic Tshirt paired with black relaxed fit denim jeans, creating a bold yet versatile outfit for every adventure.
The orange half-sleeve Tshirt is crafted from soft, breathable fabric and showcases a playful Surf Rider graphic inspired by beach vibes and outdoor fun. Lightweight and comfortable, it keeps kids feeling fresh throughout the day while adding a lively, energetic touch to their everyday style.
Complementing the T-shirt are premium black denim jeans designed with a relaxed fit that allows unrestricted movement and all-day comfort. Crafted from durable denim, the jeans combine timeless styling with practical wearability, making them an ideal choice for active kids who need both comfort and durability.
Whether it's a family outing, vacation, birthday celebration, weekend plans, playdate, or a casual day outdoors, this Kids Boys Combo offers a complete ready-to-style outfit without the hassle of mixing and matching. The vibrant orange Tshirt and classic black denim jeans create a balanced, fashion-forward look that's suitable across seasons and occasions.
Designed with Purple United's commitment to premium craftsmanship, quality fabrics, and modern kids' fashion, this Shop the Look combo delivers the perfect balance of style, comfort, and durability. Easy to wear, easy to maintain, and versatile enough for everyday dressing, this coordinated outfit is an essential wardrobe addition for young explorers who love confidence, comfort, and effortless style.",Apparel & Accessories > Clothing,Boys,,,,,,,,,,,Boys,2026,"Item Color: PBTSHS003580-ORANGE-PBDNJA003001-BLACK
Fabric: COTTON
Items Included in Packaging: 1 Combo Set
Commodity: Boy's Combo Set",NEW LAUNCH,,,,,,,,,,,,,,,,,,,,,,,kg,,,active
Kids-Boys-Combo-|-Orange-Casual-Wear-Tshirt-&-Black-Relaxed-Fit-Denim-Jeans-|-Shop-the-Look,Kids Boys Combo | Orange Casual Wear Tshirt & Black Relaxed Fit Denim Jeans | Shop the Look,"Bring effortless style to your little one's wardrobe with this premium Purple United Kids Boys Combo, a thoughtfully curated Shop the Look outfit that blends vibrant design, everyday comfort, and contemporary fashion. This coordinated ensemble features an orange Surf Rider graphic Tshirt paired with black relaxed fit denim jeans, creating a bold yet versatile outfit for every adventure.
The orange half-sleeve Tshirt is crafted from soft, breathable fabric and showcases a playful Surf Rider graphic inspired by beach vibes and outdoor fun. Lightweight and comfortable, it keeps kids feeling fresh throughout the day while adding a lively, energetic touch to their everyday style.
Complementing the T-shirt are premium black denim jeans designed with a relaxed fit that allows unrestricted movement and all-day comfort. Crafted from durable denim, the jeans combine timeless styling with practical wearability, making them an ideal choice for active kids who need both comfort and durability.
Whether it's a family outing, vacation, birthday celebration, weekend plans, playdate, or a casual day outdoors, this Kids Boys Combo offers a complete ready-to-style outfit without the hassle of mixing and matching. The vibrant orange Tshirt and classic black denim jeans create a balanced, fashion-forward look that's suitable across seasons and occasions.
Designed with Purple United's commitment to premium craftsmanship, quality fabrics, and modern kids' fashion, this Shop the Look combo delivers the perfect balance of style, comfort, and durability. Easy to wear, easy to maintain, and versatile enough for everyday dressing, this coordinated outfit is an essential wardrobe addition for young explorers who love confidence, comfort, and effortless style.",Purple United Kids,Apparel & Accessories > Clothing,Combo Set,"Apparel, Combo Set, Boys, All Products, NEW LAUNCH",TRUE,T-Shirt,3-4Y,,Jeans,3-4Y,,,,,8905120571572-8905120596704,200,shopify,,deny,manual,1649,3299,TRUE,TRUE,,,,,PBDNJA003001-BLACK-PBTSHS003580-ORANGE,,,,FALSE,,,Apparel & Accessories > Clothing,Boys,,,,,,,,,,,Boys,2026,"Item Color: PBTSHS003580-ORANGE-PBDNJA003001-BLACK
Fabric: COTTON
Items Included in Packaging: 1 Combo Set
Commodity: Boy's Combo Set",NEW LAUNCH,,,,,,,,,,,,,,,,,,,,,,,kg,,,active
Kids-Boys-Combo-|-Orange-Casual-Wear-Tshirt-&-Black-Relaxed-Fit-Denim-Jeans-|-Shop-the-Look,Kids Boys Combo | Orange Casual Wear Tshirt & Black Relaxed Fit Denim Jeans | Shop the Look,"Bring effortless style to your little one's wardrobe with this premium Purple United Kids Boys Combo, a thoughtfully curated Shop the Look outfit that blends vibrant design, everyday comfort, and contemporary fashion. This coordinated ensemble features an orange Surf Rider graphic Tshirt paired with black relaxed fit denim jeans, creating a bold yet versatile outfit for every adventure.
The orange half-sleeve Tshirt is crafted from soft, breathable fabric and showcases a playful Surf Rider graphic inspired by beach vibes and outdoor fun. Lightweight and comfortable, it keeps kids feeling fresh throughout the day while adding a lively, energetic touch to their everyday style.
Complementing the T-shirt are premium black denim jeans designed with a relaxed fit that allows unrestricted movement and all-day comfort. Crafted from durable denim, the jeans combine timeless styling with practical wearability, making them an ideal choice for active kids who need both comfort and durability.
Whether it's a family outing, vacation, birthday celebration, weekend plans, playdate, or a casual day outdoors, this Kids Boys Combo offers a complete ready-to-style outfit without the hassle of mixing and matching. The vibrant orange Tshirt and classic black denim jeans create a balanced, fashion-forward look that's suitable across seasons and occasions.
Designed with Purple United's commitment to premium craftsmanship, quality fabrics, and modern kids' fashion, this Shop the Look combo delivers the perfect balance of style, comfort, and durability. Easy to wear, easy to maintain, and versatile enough for everyday dressing, this coordinated outfit is an essential wardrobe addition for young explorers who love confidence, comfort, and effortless style.",Purple United Kids,Apparel & Accessories > Clothing,Combo Set,"Apparel, Combo Set, Boys, All Products, NEW LAUNCH",TRUE,T-Shirt,4-5Y,,Jeans,4-5Y,,,,,8905120571589-8905120596711,200,shopify,,deny,manual,1649,3299,TRUE,TRUE,,,,,PBDNJA003001-BLACK-PBTSHS003580-ORANGE,,,,FALSE,,,Apparel & Accessories > Clothing,Boys,,,,,,,,,,,Boys,2026,"Item Color: PBTSHS003580-ORANGE-PBDNJA003001-BLACK
Fabric: COTTON
Items Included in Packaging: 1 Combo Set
Commodity: Boy's Combo Set",NEW LAUNCH,,,,,,,,,,,,,,,,,,,,,,,kg,,,active
Kids-Boys-Combo-|-Orange-Casual-Wear-Tshirt-&-Black-Relaxed-Fit-Denim-Jeans-|-Shop-the-Look,Kids Boys Combo | Orange Casual Wear Tshirt & Black Relaxed Fit Denim Jeans | Shop the Look,"Bring effortless style to your little one's wardrobe with this premium Purple United Kids Boys Combo, a thoughtfully curated Shop the Look outfit that blends vibrant design, everyday comfort, and contemporary fashion. This coordinated ensemble features an orange Surf Rider graphic Tshirt paired with black relaxed fit denim jeans, creating a bold yet versatile outfit for every adventure.
The orange half-sleeve Tshirt is crafted from soft, breathable fabric and showcases a playful Surf Rider graphic inspired by beach vibes and outdoor fun. Lightweight and comfortable, it keeps kids feeling fresh throughout the day while adding a lively, energetic touch to their everyday style.
Complementing the T-shirt are premium black denim jeans designed with a relaxed fit that allows unrestricted movement and all-day comfort. Crafted from durable denim, the jeans combine timeless styling with practical wearability, making them an ideal choice for active kids who need both comfort and durability.
Whether it's a family outing, vacation, birthday celebration, weekend plans, playdate, or a casual day outdoors, this Kids Boys Combo offers a complete ready-to-style outfit without the hassle of mixing and matching. The vibrant orange Tshirt and classic black denim jeans create a balanced, fashion-forward look that's suitable across seasons and occasions.
Designed with Purple United's commitment to premium craftsmanship, quality fabrics, and modern kids' fashion, this Shop the Look combo delivers the perfect balance of style, comfort, and durability. Easy to wear, easy to maintain, and versatile enough for everyday dressing, this coordinated outfit is an essential wardrobe addition for young explorers who love confidence, comfort, and effortless style.",Purple United Kids,Apparel & Accessories > Clothing,Combo Set,"Apparel, Combo Set, Boys, All Products, NEW LAUNCH",TRUE,T-Shirt,5-6Y,,Jeans,5-6Y,,,,,8905120571596-8905120596728,200,shopify,,deny,manual,1649,3299,TRUE,TRUE,,,,,PBDNJA003001-BLACK-PBTSHS003580-ORANGE,,,,FALSE,,,Apparel & Accessories > Clothing,Boys,,,,,,,,,,,Boys,2026,"Item Color: PBTSHS003580-ORANGE-PBDNJA003001-BLACK
Fabric: COTTON
Items Included in Packaging: 1 Combo Set
Commodity: Boy's Combo Set",NEW LAUNCH,,,,,,,,,,,,,,,,,,,,,,,kg,,,active
Kids-Boys-Combo-|-Orange-Casual-Wear-Tshirt-&-Black-Relaxed-Fit-Denim-Jeans-|-Shop-the-Look,Kids Boys Combo | Orange Casual Wear Tshirt & Black Relaxed Fit Denim Jeans | Shop the Look,"Bring effortless style to your little one's wardrobe with this premium Purple United Kids Boys Combo, a thoughtfully curated Shop the Look outfit that blends vibrant design, everyday comfort, and contemporary fashion. This coordinated ensemble features an orange Surf Rider graphic Tshirt paired with black relaxed fit denim jeans, creating a bold yet versatile outfit for every adventure.
The orange half-sleeve Tshirt is crafted from soft, breathable fabric and showcases a playful Surf Rider graphic inspired by beach vibes and outdoor fun. Lightweight and comfortable, it keeps kids feeling fresh throughout the day while adding a lively, energetic touch to their everyday style.
Complementing the T-shirt are premium black denim jeans designed with a relaxed fit that allows unrestricted movement and all-day comfort. Crafted from durable denim, the jeans combine timeless styling with practical wearability, making them an ideal choice for active kids who need both comfort and durability.
Whether it's a family outing, vacation, birthday celebration, weekend plans, playdate, or a casual day outdoors, this Kids Boys Combo offers a complete ready-to-style outfit without the hassle of mixing and matching. The vibrant orange Tshirt and classic black denim jeans create a balanced, fashion-forward look that's suitable across seasons and occasions.
Designed with Purple United's commitment to premium craftsmanship, quality fabrics, and modern kids' fashion, this Shop the Look combo delivers the perfect balance of style, comfort, and durability. Easy to wear, easy to maintain, and versatile enough for everyday dressing, this coordinated outfit is an essential wardrobe addition for young explorers who love confidence, comfort, and effortless style.",Purple United Kids,Apparel & Accessories > Clothing,Combo Set,"Apparel, Combo Set, Boys, All Products, NEW LAUNCH",TRUE,T-Shirt,7-8Y,,Jeans,7-8Y,,,,,8905120571602-8905120596735,200,shopify,,deny,manual,1649,3299,TRUE,TRUE,,,,,PBDNJA003001-BLACK-PBTSHS003580-ORANGE,,,,FALSE,,,Apparel & Accessories > Clothing,Boys,,,,,,,,,,,Boys,2026,"Item Color: PBTSHS003580-ORANGE-PBDNJA003001-BLACK
Fabric: COTTON
Items Included in Packaging: 1 Combo Set
Commodity: Boy's Combo Set",NEW LAUNCH,,,,,,,,,,,,,,,,,,,,,,,kg,,,active
Kids-Boys-Combo-|-Orange-Casual-Wear-Tshirt-&-Black-Relaxed-Fit-Denim-Jeans-|-Shop-the-Look,Kids Boys Combo | Orange Casual Wear Tshirt & Black Relaxed Fit Denim Jeans | Shop the Look,"Bring effortless style to your little one's wardrobe with this premium Purple United Kids Boys Combo, a thoughtfully curated Shop the Look outfit that blends vibrant design, everyday comfort, and contemporary fashion. This coordinated ensemble features an orange Surf Rider graphic Tshirt paired with black relaxed fit denim jeans, creating a bold yet versatile outfit for every adventure.
The orange half-sleeve Tshirt is crafted from soft, breathable fabric and showcases a playful Surf Rider graphic inspired by beach vibes and outdoor fun. Lightweight and comfortable, it keeps kids feeling fresh throughout the day while adding a lively, energetic touch to their everyday style.
Complementing the T-shirt are premium black denim jeans designed with a relaxed fit that allows unrestricted movement and all-day comfort. Crafted from durable denim, the jeans combine timeless styling with practical wearability, making them an ideal choice for active kids who need both comfort and durability.
Whether it's a family outing, vacation, birthday celebration, weekend plans, playdate, or a casual day outdoors, this Kids Boys Combo offers a complete ready-to-style outfit without the hassle of mixing and matching. The vibrant orange Tshirt and classic black denim jeans create a balanced, fashion-forward look that's suitable across seasons and occasions.
Designed with Purple United's commitment to premium craftsmanship, quality fabrics, and modern kids' fashion, this Shop the Look combo delivers the perfect balance of style, comfort, and durability. Easy to wear, easy to maintain, and versatile enough for everyday dressing, this coordinated outfit is an essential wardrobe addition for young explorers who love confidence, comfort, and effortless style.",Purple United Kids,Apparel & Accessories > Clothing,Combo Set,"Apparel, Combo Set, Boys, All Products, NEW LAUNCH",TRUE,T-Shirt,9-10Y,,Jeans,9-10Y,,,,,8905120571619-8905120596742,200,shopify,,deny,manual,1649,3299,TRUE,TRUE,,,,,PBDNJA003001-BLACK-PBTSHS003580-ORANGE,,,,FALSE,,,Apparel & Accessories > Clothing,Boys,,,,,,,,,,,Boys,2026,"Item Color: PBTSHS003580-ORANGE-PBDNJA003001-BLACK
Fabric: COTTON
Items Included in Packaging: 1 Combo Set
Commodity: Boy's Combo Set",NEW LAUNCH,,,,,,,,,,,,,,,,,,,,,,,kg,,,active
Kids-Boys-Combo-|-Orange-Casual-Wear-Tshirt-&-Black-Relaxed-Fit-Denim-Jeans-|-Shop-the-Look,Kids Boys Combo | Orange Casual Wear Tshirt & Black Relaxed Fit Denim Jeans | Shop the Look,"Bring effortless style to your little one's wardrobe with this premium Purple United Kids Boys Combo, a thoughtfully curated Shop the Look outfit that blends vibrant design, everyday comfort, and contemporary fashion. This coordinated ensemble features an orange Surf Rider graphic Tshirt paired with black relaxed fit denim jeans, creating a bold yet versatile outfit for every adventure.
The orange half-sleeve Tshirt is crafted from soft, breathable fabric and showcases a playful Surf Rider graphic inspired by beach vibes and outdoor fun. Lightweight and comfortable, it keeps kids feeling fresh throughout the day while adding a lively, energetic touch to their everyday style.
Complementing the T-shirt are premium black denim jeans designed with a relaxed fit that allows unrestricted movement and all-day comfort. Crafted from durable denim, the jeans combine timeless styling with practical wearability, making them an ideal choice for active kids who need both comfort and durability.
Whether it's a family outing, vacation, birthday celebration, weekend plans, playdate, or a casual day outdoors, this Kids Boys Combo offers a complete ready-to-style outfit without the hassle of mixing and matching. The vibrant orange Tshirt and classic black denim jeans create a balanced, fashion-forward look that's suitable across seasons and occasions.
Designed with Purple United's commitment to premium craftsmanship, quality fabrics, and modern kids' fashion, this Shop the Look combo delivers the perfect balance of style, comfort, and durability. Easy to wear, easy to maintain, and versatile enough for everyday dressing, this coordinated outfit is an essential wardrobe addition for young explorers who love confidence, comfort, and effortless style.",Purple United Kids,Apparel & Accessories > Clothing,Combo Set,"Apparel, Combo Set, Boys, All Products, NEW LAUNCH",TRUE,T-Shirt,11-12Y,,Jeans,11-12Y,,,,,8905120571626-8905120596759,200,shopify,,deny,manual,1649,3299,TRUE,TRUE,,,,,PBDNJA003001-BLACK-PBTSHS003580-ORANGE,,,,FALSE,,,Apparel & Accessories > Clothing,Boys,,,,,,,,,,,Boys,2026,"Item Color: PBTSHS003580-ORANGE-PBDNJA003001-BLACK
Fabric: COTTON
Items Included in Packaging: 1 Combo Set
Commodity: Boy's Combo Set",NEW LAUNCH,,,,,,,,,,,,,,,,,,,,,,,kg,,,active
Kids-Boys-Combo-|-Orange-Casual-Wear-Tshirt-&-Black-Relaxed-Fit-Denim-Jeans-|-Shop-the-Look,Kids Boys Combo | Orange Casual Wear Tshirt & Black Relaxed Fit Denim Jeans | Shop the Look,"Bring effortless style to your little one's wardrobe with this premium Purple United Kids Boys Combo, a thoughtfully curated Shop the Look outfit that blends vibrant design, everyday comfort, and contemporary fashion. This coordinated ensemble features an orange Surf Rider graphic Tshirt paired with black relaxed fit denim jeans, creating a bold yet versatile outfit for every adventure.
The orange half-sleeve Tshirt is crafted from soft, breathable fabric and showcases a playful Surf Rider graphic inspired by beach vibes and outdoor fun. Lightweight and comfortable, it keeps kids feeling fresh throughout the day while adding a lively, energetic touch to their everyday style.
Complementing the T-shirt are premium black denim jeans designed with a relaxed fit that allows unrestricted movement and all-day comfort. Crafted from durable denim, the jeans combine timeless styling with practical wearability, making them an ideal choice for active kids who need both comfort and durability.
Whether it's a family outing, vacation, birthday celebration, weekend plans, playdate, or a casual day outdoors, this Kids Boys Combo offers a complete ready-to-style outfit without the hassle of mixing and matching. The vibrant orange Tshirt and classic black denim jeans create a balanced, fashion-forward look that's suitable across seasons and occasions.
Designed with Purple United's commitment to premium craftsmanship, quality fabrics, and modern kids' fashion, this Shop the Look combo delivers the perfect balance of style, comfort, and durability. Easy to wear, easy to maintain, and versatile enough for everyday dressing, this coordinated outfit is an essential wardrobe addition for young explorers who love confidence, comfort, and effortless style.",Purple United Kids,Apparel & Accessories > Clothing,Combo Set,"Apparel, Combo Set, Boys, All Products, NEW LAUNCH",TRUE,T-Shirt,13-14Y,,Jeans,13-14Y,,,,,8905120571633-8905120596766,200,shopify,,deny,manual,1649,3299,TRUE,TRUE,,,,,PBDNJA003001-BLACK-PBTSHS003580-ORANGE,,,,FALSE,,,Apparel & Accessories > Clothing,Boys,,,,,,,,,,,Boys,2026,"Item Color: PBTSHS003580-ORANGE-PBDNJA003001-BLACK
Fabric: COTTON
Items Included in Packaging: 1 Combo Set
Commodity: Boy's Combo Set",NEW LAUNCH,,,,,,,,,,,,,,,,,,,,,,,kg,,,active
Kids-Boys-Combo-|-Red-Comfort-Fabric-Tshirt-&-Dark-Blue-Denim-Jeans-|-Shop-the-Look,Kids Boys Combo | Red Comfort Fabric Tshirt & Dark Blue Denim Jeans | Shop the Look,"Give your little trendsetter a wardrobe upgrade with this premium Purple United Kids Boys Combo, a thoughtfully curated Shop the Look outfit that combines modern design, everyday comfort, and effortless versatility. This coordinated ensemble features a red graphic T-shirt paired with dark blue denim jeans, creating a stylish and contemporary look that's perfect for every occasion.
The red half-sleeve Tshirt is crafted from soft, breathable fabric and showcases a clean front graphic complemented by a bold statement back print, adding a distinctive streetwear-inspired appeal. Its lightweight construction and comfortable fit keep kids feeling fresh throughout the day while making a confident style statement.
Complementing the Tshirt are premium dark blue denim jeans crafted from durable, high-quality denim with a relaxed fit that allows unrestricted movement. Designed for lasting comfort and everyday wear, the jeans combine timeless styling with dependable durability, making them a versatile addition to every young explorer's wardrobe.
Whether it's a family outing, vacation, birthday celebration, playdate, weekend plans, or a casual day outdoors, this Kids Boys Combo offers a complete ready-to-style outfit without the hassle of matching separates. The vibrant red Tshirt and classic dark blue denim jeans create a balanced look that transitions effortlessly across seasons and occasions.
Designed with Purple United's commitment to premium craftsmanship, quality fabrics, and contemporary kids' fashion, this Shop the Look combo delivers the perfect blend of comfort, durability, and style. Easy to wear, easy to maintain, and designed for active lifestyles, this coordinated outfit is an essential wardrobe staple for kids who love confident, effortless dressing.",Purple United Kids,Apparel & Accessories > Clothing,Combo Set,"Apparel, Combo Set, Boys, All Products, NEW LAUNCH",TRUE,T-Shirt,2-3Y,,Jeans,2-3Y,,,,,8905120571480-8905120596933,200,shopify,,deny,manual,1649,3299,TRUE,TRUE,,,,,PBDNJA003001-DK. BLUE-PBTSHS003581-RED,,,,FALSE,Kids Boys Combo | Red Comfort Fabric Tshirt & Dark Blue Denim Jeans | Shop the Look,"Give your little trendsetter a wardrobe upgrade with this premium Purple United Kids Boys Combo, a thoughtfully curated Shop the Look outfit that combines modern design, everyday comfort, and effortless versatility. This coordinated ensemble features a red graphic T-shirt paired with dark blue denim jeans, creating a stylish and contemporary look that's perfect for every occasion.
The red half-sleeve Tshirt is crafted from soft, breathable fabric and showcases a clean front graphic complemented by a bold statement back print, adding a distinctive streetwear-inspired appeal. Its lightweight construction and comfortable fit keep kids feeling fresh throughout the day while making a confident style statement.
Complementing the Tshirt are premium dark blue denim jeans crafted from durable, high-quality denim with a relaxed fit that allows unrestricted movement. Designed for lasting comfort and everyday wear, the jeans combine timeless styling with dependable durability, making them a versatile addition to every young explorer's wardrobe.
Whether it's a family outing, vacation, birthday celebration, playdate, weekend plans, or a casual day outdoors, this Kids Boys Combo offers a complete ready-to-style outfit without the hassle of matching separates. The vibrant red Tshirt and classic dark blue denim jeans create a balanced look that transitions effortlessly across seasons and occasions.
Designed with Purple United's commitment to premium craftsmanship, quality fabrics, and contemporary kids' fashion, this Shop the Look combo delivers the perfect blend of comfort, durability, and style. Easy to wear, easy to maintain, and designed for active lifestyles, this coordinated outfit is an essential wardrobe staple for kids who love confident, effortless dressing.",Apparel & Accessories > Clothing,Boys,,,,,,,,,,,Boys,2026,"Item Color: PBTSHS003581-RED-PBDNJA003001-DK. BLUE
Fabric: COTTON
Items Included in Packaging: 1 Combo Set
Commodity: Boy's Combo Set",NEW LAUNCH,,,,,,,,,,,,,,,,,,,,,,,kg,,,active
Kids-Boys-Combo-|-Red-Comfort-Fabric-Tshirt-&-Dark-Blue-Denim-Jeans-|-Shop-the-Look,Kids Boys Combo | Red Comfort Fabric Tshirt & Dark Blue Denim Jeans | Shop the Look,"Give your little trendsetter a wardrobe upgrade with this premium Purple United Kids Boys Combo, a thoughtfully curated Shop the Look outfit that combines modern design, everyday comfort, and effortless versatility. This coordinated ensemble features a red graphic T-shirt paired with dark blue denim jeans, creating a stylish and contemporary look that's perfect for every occasion.
The red half-sleeve Tshirt is crafted from soft, breathable fabric and showcases a clean front graphic complemented by a bold statement back print, adding a distinctive streetwear-inspired appeal. Its lightweight construction and comfortable fit keep kids feeling fresh throughout the day while making a confident style statement.
Complementing the Tshirt are premium dark blue denim jeans crafted from durable, high-quality denim with a relaxed fit that allows unrestricted movement. Designed for lasting comfort and everyday wear, the jeans combine timeless styling with dependable durability, making them a versatile addition to every young explorer's wardrobe.
Whether it's a family outing, vacation, birthday celebration, playdate, weekend plans, or a casual day outdoors, this Kids Boys Combo offers a complete ready-to-style outfit without the hassle of matching separates. The vibrant red Tshirt and classic dark blue denim jeans create a balanced look that transitions effortlessly across seasons and occasions.
Designed with Purple United's commitment to premium craftsmanship, quality fabrics, and contemporary kids' fashion, this Shop the Look combo delivers the perfect blend of comfort, durability, and style. Easy to wear, easy to maintain, and designed for active lifestyles, this coordinated outfit is an essential wardrobe staple for kids who love confident, effortless dressing.",Purple United Kids,Apparel & Accessories > Clothing,Combo Set,"Apparel, Combo Set, Boys, All Products, NEW LAUNCH",TRUE,T-Shirt,3-4Y,,Jeans,3-4Y,,,,,8905120571497-8905120596940,200,shopify,,deny,manual,1649,3299,TRUE,TRUE,,,,,PBDNJA003001-DK. BLUE-PBTSHS003581-RED,,,,FALSE,,,Apparel & Accessories > Clothing,Boys,,,,,,,,,,,Boys,2026,"Item Color: PBTSHS003581-RED-PBDNJA003001-DK. BLUE
Fabric: COTTON
Items Included in Packaging: 1 Combo Set
Commodity: Boy's Combo Set",NEW LAUNCH,,,,,,,,,,,,,,,,,,,,,,,kg,,,active
Kids-Boys-Combo-|-Red-Comfort-Fabric-Tshirt-&-Dark-Blue-Denim-Jeans-|-Shop-the-Look,Kids Boys Combo | Red Comfort Fabric Tshirt & Dark Blue Denim Jeans | Shop the Look,"Give your little trendsetter a wardrobe upgrade with this premium Purple United Kids Boys Combo, a thoughtfully curated Shop the Look outfit that combines modern design, everyday comfort, and effortless versatility. This coordinated ensemble features a red graphic T-shirt paired with dark blue denim jeans, creating a stylish and contemporary look that's perfect for every occasion.
The red half-sleeve Tshirt is crafted from soft, breathable fabric and showcases a clean front graphic complemented by a bold statement back print, adding a distinctive streetwear-inspired appeal. Its lightweight construction and comfortable fit keep kids feeling fresh throughout the day while making a confident style statement.
Complementing the Tshirt are premium dark blue denim jeans crafted from durable, high-quality denim with a relaxed fit that allows unrestricted movement. Designed for lasting comfort and everyday wear, the jeans combine timeless styling with dependable durability, making them a versatile addition to every young explorer's wardrobe.
Whether it's a family outing, vacation, birthday celebration, playdate, weekend plans, or a casual day outdoors, this Kids Boys Combo offers a complete ready-to-style outfit without the hassle of matching separates. The vibrant red Tshirt and classic dark blue denim jeans create a balanced look that transitions effortlessly across seasons and occasions.
Designed with Purple United's commitment to premium craftsmanship, quality fabrics, and contemporary kids' fashion, this Shop the Look combo delivers the perfect blend of comfort, durability, and style. Easy to wear, easy to maintain, and designed for active lifestyles, this coordinated outfit is an essential wardrobe staple for kids who love confident, effortless dressing.",Purple United Kids,Apparel & Accessories > Clothing,Combo Set,"Apparel, Combo Set, Boys, All Products, NEW LAUNCH",TRUE,T-Shirt,4-5Y,,Jeans,4-5Y,,,,,8905120571503-8905120596957,200,shopify,,deny,manual,1649,3299,TRUE,TRUE,,,,,PBDNJA003001-DK. BLUE-PBTSHS003581-RED,,,,FALSE,,,Apparel & Accessories > Clothing,Boys,,,,,,,,,,,Boys,2026,"Item Color: PBTSHS003581-RED-PBDNJA003001-DK. BLUE
Fabric: COTTON
Items Included in Packaging: 1 Combo Set
Commodity: Boy's Combo Set",NEW LAUNCH,,,,,,,,,,,,,,,,,,,,,,,kg,,,active
Kids-Boys-Combo-|-Red-Comfort-Fabric-Tshirt-&-Dark-Blue-Denim-Jeans-|-Shop-the-Look,Kids Boys Combo | Red Comfort Fabric Tshirt & Dark Blue Denim Jeans | Shop the Look,"Give your little trendsetter a wardrobe upgrade with this premium Purple United Kids Boys Combo, a thoughtfully curated Shop the Look outfit that combines modern design, everyday comfort, and effortless versatility. This coordinated ensemble features a red graphic T-shirt paired with dark blue denim jeans, creating a stylish and contemporary look that's perfect for every occasion.
The red half-sleeve Tshirt is crafted from soft, breathable fabric and showcases a clean front graphic complemented by a bold statement back print, adding a distinctive streetwear-inspired appeal. Its lightweight construction and comfortable fit keep kids feeling fresh throughout the day while making a confident style statement.
Complementing the Tshirt are premium dark blue denim jeans crafted from durable, high-quality denim with a relaxed fit that allows unrestricted movement. Designed for lasting comfort and everyday wear, the jeans combine timeless styling with dependable durability, making them a versatile addition to every young explorer's wardrobe.
Whether it's a family outing, vacation, birthday celebration, playdate, weekend plans, or a casual day outdoors, this Kids Boys Combo offers a complete ready-to-style outfit without the hassle of matching separates. The vibrant red Tshirt and classic dark blue denim jeans create a balanced look that transitions effortlessly across seasons and occasions.
Designed with Purple United's commitment to premium craftsmanship, quality fabrics, and contemporary kids' fashion, this Shop the Look combo delivers the perfect blend of comfort, durability, and style. Easy to wear, easy to maintain, and designed for active lifestyles, this coordinated outfit is an essential wardrobe staple for kids who love confident, effortless dressing.",Purple United Kids,Apparel & Accessories > Clothing,Combo Set,"Apparel, Combo Set, Boys, All Products, NEW LAUNCH",TRUE,T-Shirt,5-6Y,,Jeans,5-6Y,,,,,8905120571510-8905120596964,200,shopify,,deny,manual,1649,3299,TRUE,TRUE,,,,,PBDNJA003001-DK. BLUE-PBTSHS003581-RED,,,,FALSE,,,Apparel & Accessories > Clothing,Boys,,,,,,,,,,,Boys,2026,"Item Color: PBTSHS003581-RED-PBDNJA003001-DK. BLUE
Fabric: COTTON
Items Included in Packaging: 1 Combo Set
Commodity: Boy's Combo Set",NEW LAUNCH,,,,,,,,,,,,,,,,,,,,,,,kg,,,active
Kids-Boys-Combo-|-Red-Comfort-Fabric-Tshirt-&-Dark-Blue-Denim-Jeans-|-Shop-the-Look,Kids Boys Combo | Red Comfort Fabric Tshirt & Dark Blue Denim Jeans | Shop the Look,"Give your little trendsetter a wardrobe upgrade with this premium Purple United Kids Boys Combo, a thoughtfully curated Shop the Look outfit that combines modern design, everyday comfort, and effortless versatility. This coordinated ensemble features a red graphic T-shirt paired with dark blue denim jeans, creating a stylish and contemporary look that's perfect for every occasion.
The red half-sleeve Tshirt is crafted from soft, breathable fabric and showcases a clean front graphic complemented by a bold statement back print, adding a distinctive streetwear-inspired appeal. Its lightweight construction and comfortable fit keep kids feeling fresh throughout the day while making a confident style statement.
Complementing the Tshirt are premium dark blue denim jeans crafted from durable, high-quality denim with a relaxed fit that allows unrestricted movement. Designed for lasting comfort and everyday wear, the jeans combine timeless styling with dependable durability, making them a versatile addition to every young explorer's wardrobe.
Whether it's a family outing, vacation, birthday celebration, playdate, weekend plans, or a casual day outdoors, this Kids Boys Combo offers a complete ready-to-style outfit without the hassle of matching separates. The vibrant red Tshirt and classic dark blue denim jeans create a balanced look that transitions effortlessly across seasons and occasions.
Designed with Purple United's commitment to premium craftsmanship, quality fabrics, and contemporary kids' fashion, this Shop the Look combo delivers the perfect blend of comfort, durability, and style. Easy to wear, easy to maintain, and designed for active lifestyles, this coordinated outfit is an essential wardrobe staple for kids who love confident, effortless dressing.",Purple United Kids,Apparel & Accessories > Clothing,Combo Set,"Apparel, Combo Set, Boys, All Products, NEW LAUNCH",TRUE,T-Shirt,7-8Y,,Jeans,7-8Y,,,,,8905120571527-8905120596971,200,shopify,,deny,manual,1649,3299,TRUE,TRUE,,,,,PBDNJA003001-DK. BLUE-PBTSHS003581-RED,,,,FALSE,,,Apparel & Accessories > Clothing,Boys,,,,,,,,,,,Boys,2026,"Item Color: PBTSHS003581-RED-PBDNJA003001-DK. BLUE
Fabric: COTTON
Items Included in Packaging: 1 Combo Set
Commodity: Boy's Combo Set",NEW LAUNCH,,,,,,,,,,,,,,,,,,,,,,,kg,,,active
Kids-Boys-Combo-|-Red-Comfort-Fabric-Tshirt-&-Dark-Blue-Denim-Jeans-|-Shop-the-Look,Kids Boys Combo | Red Comfort Fabric Tshirt & Dark Blue Denim Jeans | Shop the Look,"Give your little trendsetter a wardrobe upgrade with this premium Purple United Kids Boys Combo, a thoughtfully curated Shop the Look outfit that combines modern design, everyday comfort, and effortless versatility. This coordinated ensemble features a red graphic T-shirt paired with dark blue denim jeans, creating a stylish and contemporary look that's perfect for every occasion.
The red half-sleeve Tshirt is crafted from soft, breathable fabric and showcases a clean front graphic complemented by a bold statement back print, adding a distinctive streetwear-inspired appeal. Its lightweight construction and comfortable fit keep kids feeling fresh throughout the day while making a confident style statement.
Complementing the Tshirt are premium dark blue denim jeans crafted from durable, high-quality denim with a relaxed fit that allows unrestricted movement. Designed for lasting comfort and everyday wear, the jeans combine timeless styling with dependable durability, making them a versatile addition to every young explorer's wardrobe.
Whether it's a family outing, vacation, birthday celebration, playdate, weekend plans, or a casual day outdoors, this Kids Boys Combo offers a complete ready-to-style outfit without the hassle of matching separates. The vibrant red Tshirt and classic dark blue denim jeans create a balanced look that transitions effortlessly across seasons and occasions.
Designed with Purple United's commitment to premium craftsmanship, quality fabrics, and contemporary kids' fashion, this Shop the Look combo delivers the perfect blend of comfort, durability, and style. Easy to wear, easy to maintain, and designed for active lifestyles, this coordinated outfit is an essential wardrobe staple for kids who love confident, effortless dressing.",Purple United Kids,Apparel & Accessories > Clothing,Combo Set,"Apparel, Combo Set, Boys, All Products, NEW LAUNCH",TRUE,T-Shirt,9-10Y,,Jeans,9-10Y,,,,,8905120571534-8905120596988,200,shopify,,deny,manual,1649,3299,TRUE,TRUE,,,,,PBDNJA003001-DK. BLUE-PBTSHS003581-RED,,,,FALSE,,,Apparel & Accessories > Clothing,Boys,,,,,,,,,,,Boys,2026,"Item Color: PBTSHS003581-RED-PBDNJA003001-DK. BLUE
Fabric: COTTON
Items Included in Packaging: 1 Combo Set
Commodity: Boy's Combo Set",NEW LAUNCH,,,,,,,,,,,,,,,,,,,,,,,kg,,,active
Kids-Boys-Combo-|-Red-Comfort-Fabric-Tshirt-&-Dark-Blue-Denim-Jeans-|-Shop-the-Look,Kids Boys Combo | Red Comfort Fabric Tshirt & Dark Blue Denim Jeans | Shop the Look,"Give your little trendsetter a wardrobe upgrade with this premium Purple United Kids Boys Combo, a thoughtfully curated Shop the Look outfit that combines modern design, everyday comfort, and effortless versatility. This coordinated ensemble features a red graphic T-shirt paired with dark blue denim jeans, creating a stylish and contemporary look that's perfect for every occasion.
The red half-sleeve Tshirt is crafted from soft, breathable fabric and showcases a clean front graphic complemented by a bold statement back print, adding a distinctive streetwear-inspired appeal. Its lightweight construction and comfortable fit keep kids feeling fresh throughout the day while making a confident style statement.
Complementing the Tshirt are premium dark blue denim jeans crafted from durable, high-quality denim with a relaxed fit that allows unrestricted movement. Designed for lasting comfort and everyday wear, the jeans combine timeless styling with dependable durability, making them a versatile addition to every young explorer's wardrobe.
Whether it's a family outing, vacation, birthday celebration, playdate, weekend plans, or a casual day outdoors, this Kids Boys Combo offers a complete ready-to-style outfit without the hassle of matching separates. The vibrant red Tshirt and classic dark blue denim jeans create a balanced look that transitions effortlessly across seasons and occasions.
Designed with Purple United's commitment to premium craftsmanship, quality fabrics, and contemporary kids' fashion, this Shop the Look combo delivers the perfect blend of comfort, durability, and style. Easy to wear, easy to maintain, and designed for active lifestyles, this coordinated outfit is an essential wardrobe staple for kids who love confident, effortless dressing.",Purple United Kids,Apparel & Accessories > Clothing,Combo Set,"Apparel, Combo Set, Boys, All Products, NEW LAUNCH",TRUE,T-Shirt,11-12Y,,Jeans,11-12Y,,,,,8905120571541-8905120596995,200,shopify,,deny,manual,1649,3299,TRUE,TRUE,,,,,PBDNJA003001-DK. BLUE-PBTSHS003581-RED,,,,FALSE,,,Apparel & Accessories > Clothing,Boys,,,,,,,,,,,Boys,2026,"Item Color: PBTSHS003581-RED-PBDNJA003001-DK. BLUE
Fabric: COTTON
Items Included in Packaging: 1 Combo Set
Commodity: Boy's Combo Set",NEW LAUNCH,,,,,,,,,,,,,,,,,,,,,,,kg,,,active
Kids-Boys-Combo-|-Red-Comfort-Fabric-Tshirt-&-Dark-Blue-Denim-Jeans-|-Shop-the-Look,Kids Boys Combo | Red Comfort Fabric Tshirt & Dark Blue Denim Jeans | Shop the Look,"Give your little trendsetter a wardrobe upgrade with this premium Purple United Kids Boys Combo, a thoughtfully curated Shop the Look outfit that combines modern design, everyday comfort, and effortless versatility. This coordinated ensemble features a red graphic T-shirt paired with dark blue denim jeans, creating a stylish and contemporary look that's perfect for every occasion.
The red half-sleeve Tshirt is crafted from soft, breathable fabric and showcases a clean front graphic complemented by a bold statement back print, adding a distinctive streetwear-inspired appeal. Its lightweight construction and comfortable fit keep kids feeling fresh throughout the day while making a confident style statement.
Complementing the Tshirt are premium dark blue denim jeans crafted from durable, high-quality denim with a relaxed fit that allows unrestricted movement. Designed for lasting comfort and everyday wear, the jeans combine timeless styling with dependable durability, making them a versatile addition to every young explorer's wardrobe.
Whether it's a family outing, vacation, birthday celebration, playdate, weekend plans, or a casual day outdoors, this Kids Boys Combo offers a complete ready-to-style outfit without the hassle of matching separates. The vibrant red Tshirt and classic dark blue denim jeans create a balanced look that transitions effortlessly across seasons and occasions.
Designed with Purple United's commitment to premium craftsmanship, quality fabrics, and contemporary kids' fashion, this Shop the Look combo delivers the perfect blend of comfort, durability, and style. Easy to wear, easy to maintain, and designed for active lifestyles, this coordinated outfit is an essential wardrobe staple for kids who love confident, effortless dressing.",Purple United Kids,Apparel & Accessories > Clothing,Combo Set,"Apparel, Combo Set, Boys, All Products, NEW LAUNCH",TRUE,T-Shirt,13-14Y,,Jeans,13-14Y,,,,,8905120571558-8905120597008,200,shopify,,deny,manual,1649,3299,TRUE,TRUE,,,,,PBDNJA003001-DK. BLUE-PBTSHS003581-RED,,,,FALSE,,,Apparel & Accessories > Clothing,Boys,,,,,,,,,,,Boys,2026,"Item Color: PBTSHS003581-RED-PBDNJA003001-DK. BLUE
Fabric: COTTON
Items Included in Packaging: 1 Combo Set
Commodity: Boy's Combo Set",NEW LAUNCH,,,,,,,,,,,,,,,,,,,,,,,kg,,,active
Kids-Boys-Combo-|-Grey-Comfort-Denim-Shirt-&-Olive-Casual-Cargo-Trousers-|-Shop-The-Look,Kids Boys Combo | Grey Comfort Denim Shirt & Olive Casual Cargo Trousers | Shop The Look,"Upgrade your little one's everyday wardrobe with this premium Purple United Kids Boys Combo, a thoughtfully curated Shop the Look outfit that combines timeless denim styling with functional utility fashion. This coordinated ensemble features a grey washed denim shirt paired with olive cargo trousers, creating a modern and versatile outfit that's perfect for every occasion.
The grey denim shirt is crafted from premium-quality washed denim and features a classic collared silhouette, button-down front, and a soft finish that delivers lasting comfort with effortless style. Lightweight, breathable, and easy to wear, it offers a refined casual look that transitions seamlessly from everyday outings to special occasions.
Complementing the shirt are olive cargo trousers designed with spacious utility pockets, an elasticated waistband, and a relaxed fit that allows unrestricted movement throughout the day. Combining modern utility styling with practical functionality, the trousers provide exceptional comfort and durability, making them ideal for active kids.
Whether it's a family outing, vacation, birthday celebration, playdate, weekend adventure, or casual day outdoors, this Kids Boys Combo offers a complete ready-to-style outfit without the effort of matching individual pieces. The sophisticated combination of grey denim and olive cargo styling creates a contemporary look that is versatile enough for every season.
Designed with Purple United's commitment to premium craftsmanship, quality fabrics, and thoughtful detailing, this Shop the Look combo delivers the perfect balance of comfort, durability, and modern kids' fashion. Easy to wear, easy to maintain, and built for everyday adventures, this coordinated outfit is an essential wardrobe addition for young trendsetters who value effortless style and all-day comfort.",Purple United Kids,Apparel & Accessories > Clothing,Combo Set,"Apparel, Combo Set, Boys, All Products, NEW LAUNCH",TRUE,Shirt,2-3Y,,Trouser,2-3Y,,,,,8905120491535-8905120595578,200,shopify,,deny,manual,2099,4199,TRUE,TRUE,,,,,PBTROW002451-OLIVE-PBDNFS003002-GREY,,,,FALSE,Kids Boys Combo | Grey Comfort Denim Shirt & Olive Casual Cargo Trousers | Shop The Look,"Upgrade your little one's everyday wardrobe with this premium Purple United Kids Boys Combo, a thoughtfully curated Shop the Look outfit that combines timeless denim styling with functional utility fashion. This coordinated ensemble features a grey washed denim shirt paired with olive cargo trousers, creating a modern and versatile outfit that's perfect for every occasion.
The grey denim shirt is crafted from premium-quality washed denim and features a classic collared silhouette, button-down front, and a soft finish that delivers lasting comfort with effortless style. Lightweight, breathable, and easy to wear, it offers a refined casual look that transitions seamlessly from everyday outings to special occasions.
Complementing the shirt are olive cargo trousers designed with spacious utility pockets, an elasticated waistband, and a relaxed fit that allows unrestricted movement throughout the day. Combining modern utility styling with practical functionality, the trousers provide exceptional comfort and durability, making them ideal for active kids.
Whether it's a family outing, vacation, birthday celebration, playdate, weekend adventure, or casual day outdoors, this Kids Boys Combo offers a complete ready-to-style outfit without the effort of matching individual pieces. The sophisticated combination of grey denim and olive cargo styling creates a contemporary look that is versatile enough for every season.
Designed with Purple United's commitment to premium craftsmanship, quality fabrics, and thoughtful detailing, this Shop the Look combo delivers the perfect balance of comfort, durability, and modern kids' fashion. Easy to wear, easy to maintain, and built for everyday adventures, this coordinated outfit is an essential wardrobe addition for young trendsetters who value effortless style and all-day comfort.",Apparel & Accessories > Clothing,Boys,,,,,,,,,,,Boys,2026,"Item Color: PBDNFS003002-GREY-PBTROW002451-OLIVE
Fabric: COTTON
Items Included in Packaging: 1 Combo Set
Commodity: Boy's Combo Set",NEW LAUNCH,,,,,,,,,,,,,,,,,,,,,,,kg,,,active
Kids-Boys-Combo-|-Grey-Comfort-Denim-Shirt-&-Olive-Casual-Cargo-Trousers-|-Shop-The-Look,Kids Boys Combo | Grey Comfort Denim Shirt & Olive Casual Cargo Trousers | Shop The Look,"Upgrade your little one's everyday wardrobe with this premium Purple United Kids Boys Combo, a thoughtfully curated Shop the Look outfit that combines timeless denim styling with functional utility fashion. This coordinated ensemble features a grey washed denim shirt paired with olive cargo trousers, creating a modern and versatile outfit that's perfect for every occasion.
The grey denim shirt is crafted from premium-quality washed denim and features a classic collared silhouette, button-down front, and a soft finish that delivers lasting comfort with effortless style. Lightweight, breathable, and easy to wear, it offers a refined casual look that transitions seamlessly from everyday outings to special occasions.
Complementing the shirt are olive cargo trousers designed with spacious utility pockets, an elasticated waistband, and a relaxed fit that allows unrestricted movement throughout the day. Combining modern utility styling with practical functionality, the trousers provide exceptional comfort and durability, making them ideal for active kids.
Whether it's a family outing, vacation, birthday celebration, playdate, weekend adventure, or casual day outdoors, this Kids Boys Combo offers a complete ready-to-style outfit without the effort of matching individual pieces. The sophisticated combination of grey denim and olive cargo styling creates a contemporary look that is versatile enough for every season.
Designed with Purple United's commitment to premium craftsmanship, quality fabrics, and thoughtful detailing, this Shop the Look combo delivers the perfect balance of comfort, durability, and modern kids' fashion. Easy to wear, easy to maintain, and built for everyday adventures, this coordinated outfit is an essential wardrobe addition for young trendsetters who value effortless style and all-day comfort.",Purple United Kids,Apparel & Accessories > Clothing,Combo Set,"Apparel, Combo Set, Boys, All Products, NEW LAUNCH",TRUE,Shirt,3-4Y,,Trouser,3-4Y,,,,,8905120491542-8905120595585,200,shopify,,deny,manual,2099,4199,TRUE,TRUE,,,,,PBTROW002451-OLIVE-PBDNFS003002-GREY,,,,FALSE,,,Apparel & Accessories > Clothing,Boys,,,,,,,,,,,Boys,2026,"Item Color: PBDNFS003002-GREY-PBTROW002451-OLIVE
Fabric: COTTON
Items Included in Packaging: 1 Combo Set
Commodity: Boy's Combo Set",NEW LAUNCH,,,,,,,,,,,,,,,,,,,,,,,kg,,,active
Kids-Boys-Combo-|-Grey-Comfort-Denim-Shirt-&-Olive-Casual-Cargo-Trousers-|-Shop-The-Look,Kids Boys Combo | Grey Comfort Denim Shirt & Olive Casual Cargo Trousers | Shop The Look,"Upgrade your little one's everyday wardrobe with this premium Purple United Kids Boys Combo, a thoughtfully curated Shop the Look outfit that combines timeless denim styling with functional utility fashion. This coordinated ensemble features a grey washed denim shirt paired with olive cargo trousers, creating a modern and versatile outfit that's perfect for every occasion.
The grey denim shirt is crafted from premium-quality washed denim and features a classic collared silhouette, button-down front, and a soft finish that delivers lasting comfort with effortless style. Lightweight, breathable, and easy to wear, it offers a refined casual look that transitions seamlessly from everyday outings to special occasions.
Complementing the shirt are olive cargo trousers designed with spacious utility pockets, an elasticated waistband, and a relaxed fit that allows unrestricted movement throughout the day. Combining modern utility styling with practical functionality, the trousers provide exceptional comfort and durability, making them ideal for active kids.
Whether it's a family outing, vacation, birthday celebration, playdate, weekend adventure, or casual day outdoors, this Kids Boys Combo offers a complete ready-to-style outfit without the effort of matching individual pieces. The sophisticated combination of grey denim and olive cargo styling creates a contemporary look that is versatile enough for every season.
Designed with Purple United's commitment to premium craftsmanship, quality fabrics, and thoughtful detailing, this Shop the Look combo delivers the perfect balance of comfort, durability, and modern kids' fashion. Easy to wear, easy to maintain, and built for everyday adventures, this coordinated outfit is an essential wardrobe addition for young trendsetters who value effortless style and all-day comfort.",Purple United Kids,Apparel & Accessories > Clothing,Combo Set,"Apparel, Combo Set, Boys, All Products, NEW LAUNCH",TRUE,Shirt,4-5Y,,Trouser,4-5Y,,,,,8905120491559-8905120595592,200,shopify,,deny,manual,2099,4199,TRUE,TRUE,,,,,PBTROW002451-OLIVE-PBDNFS003002-GREY,,,,FALSE,,,Apparel & Accessories > Clothing,Boys,,,,,,,,,,,Boys,2026,"Item Color: PBDNFS003002-GREY-PBTROW002451-OLIVE
Fabric: COTTON
Items Included in Packaging: 1 Combo Set
Commodity: Boy's Combo Set",NEW LAUNCH,,,,,,,,,,,,,,,,,,,,,,,kg,,,active
Kids-Boys-Combo-|-Grey-Comfort-Denim-Shirt-&-Olive-Casual-Cargo-Trousers-|-Shop-The-Look,Kids Boys Combo | Grey Comfort Denim Shirt & Olive Casual Cargo Trousers | Shop The Look,"Upgrade your little one's everyday wardrobe with this premium Purple United Kids Boys Combo, a thoughtfully curated Shop the Look outfit that combines timeless denim styling with functional utility fashion. This coordinated ensemble features a grey washed denim shirt paired with olive cargo trousers, creating a modern and versatile outfit that's perfect for every occasion.
The grey denim shirt is crafted from premium-quality washed denim and features a classic collared silhouette, button-down front, and a soft finish that delivers lasting comfort with effortless style. Lightweight, breathable, and easy to wear, it offers a refined casual look that transitions seamlessly from everyday outings to special occasions.
Complementing the shirt are olive cargo trousers designed with spacious utility pockets, an elasticated waistband, and a relaxed fit that allows unrestricted movement throughout the day. Combining modern utility styling with practical functionality, the trousers provide exceptional comfort and durability, making them ideal for active kids.
Whether it's a family outing, vacation, birthday celebration, playdate, weekend adventure, or casual day outdoors, this Kids Boys Combo offers a complete ready-to-style outfit without the effort of matching individual pieces. The sophisticated combination of grey denim and olive cargo styling creates a contemporary look that is versatile enough for every season.
Designed with Purple United's commitment to premium craftsmanship, quality fabrics, and thoughtful detailing, this Shop the Look combo delivers the perfect balance of comfort, durability, and modern kids' fashion. Easy to wear, easy to maintain, and built for everyday adventures, this coordinated outfit is an essential wardrobe addition for young trendsetters who value effortless style and all-day comfort.",Purple United Kids,Apparel & Accessories > Clothing,Combo Set,"Apparel, Combo Set, Boys, All Products, NEW LAUNCH",TRUE,Shirt,5-6Y,,Trouser,5-6Y,,,,,8905120491566-8905120595608,200,shopify,,deny,manual,2099,4199,TRUE,TRUE,,,,,PBTROW002451-OLIVE-PBDNFS003002-GREY,,,,FALSE,,,Apparel & Accessories > Clothing,Boys,,,,,,,,,,,Boys,2026,"Item Color: PBDNFS003002-GREY-PBTROW002451-OLIVE
Fabric: COTTON
Items Included in Packaging: 1 Combo Set
Commodity: Boy's Combo Set",NEW LAUNCH,,,,,,,,,,,,,,,,,,,,,,,kg,,,active
Kids-Boys-Combo-|-Grey-Comfort-Denim-Shirt-&-Olive-Casual-Cargo-Trousers-|-Shop-The-Look,Kids Boys Combo | Grey Comfort Denim Shirt & Olive Casual Cargo Trousers | Shop The Look,"Upgrade your little one's everyday wardrobe with this premium Purple United Kids Boys Combo, a thoughtfully curated Shop the Look outfit that combines timeless denim styling with functional utility fashion. This coordinated ensemble features a grey washed denim shirt paired with olive cargo trousers, creating a modern and versatile outfit that's perfect for every occasion.
The grey denim shirt is crafted from premium-quality washed denim and features a classic collared silhouette, button-down front, and a soft finish that delivers lasting comfort with effortless style. Lightweight, breathable, and easy to wear, it offers a refined casual look that transitions seamlessly from everyday outings to special occasions.
Complementing the shirt are olive cargo trousers designed with spacious utility pockets, an elasticated waistband, and a relaxed fit that allows unrestricted movement throughout the day. Combining modern utility styling with practical functionality, the trousers provide exceptional comfort and durability, making them ideal for active kids.
Whether it's a family outing, vacation, birthday celebration, playdate, weekend adventure, or casual day outdoors, this Kids Boys Combo offers a complete ready-to-style outfit without the effort of matching individual pieces. The sophisticated combination of grey denim and olive cargo styling creates a contemporary look that is versatile enough for every season.
Designed with Purple United's commitment to premium craftsmanship, quality fabrics, and thoughtful detailing, this Shop the Look combo delivers the perfect balance of comfort, durability, and modern kids' fashion. Easy to wear, easy to maintain, and built for everyday adventures, this coordinated outfit is an essential wardrobe addition for young trendsetters who value effortless style and all-day comfort.",Purple United Kids,Apparel & Accessories > Clothing,Combo Set,"Apparel, Combo Set, Boys, All Products, NEW LAUNCH",TRUE,Shirt,7-8Y,,Trouser,7-8Y,,,,,8905120491573-8905120595615,200,shopify,,deny,manual,2099,4199,TRUE,TRUE,,,,,PBTROW002451-OLIVE-PBDNFS003002-GREY,,,,FALSE,,,Apparel & Accessories > Clothing,Boys,,,,,,,,,,,Boys,2026,"Item Color: PBDNFS003002-GREY-PBTROW002451-OLIVE
Fabric: COTTON
Items Included in Packaging: 1 Combo Set
Commodity: Boy's Combo Set",NEW LAUNCH,,,,,,,,,,,,,,,,,,,,,,,kg,,,active
Kids-Boys-Combo-|-Grey-Comfort-Denim-Shirt-&-Olive-Casual-Cargo-Trousers-|-Shop-The-Look,Kids Boys Combo | Grey Comfort Denim Shirt & Olive Casual Cargo Trousers | Shop The Look,"Upgrade your little one's everyday wardrobe with this premium Purple United Kids Boys Combo, a thoughtfully curated Shop the Look outfit that combines timeless denim styling with functional utility fashion. This coordinated ensemble features a grey washed denim shirt paired with olive cargo trousers, creating a modern and versatile outfit that's perfect for every occasion.
The grey denim shirt is crafted from premium-quality washed denim and features a classic collared silhouette, button-down front, and a soft finish that delivers lasting comfort with effortless style. Lightweight, breathable, and easy to wear, it offers a refined casual look that transitions seamlessly from everyday outings to special occasions.
Complementing the shirt are olive cargo trousers designed with spacious utility pockets, an elasticated waistband, and a relaxed fit that allows unrestricted movement throughout the day. Combining modern utility styling with practical functionality, the trousers provide exceptional comfort and durability, making them ideal for active kids.
Whether it's a family outing, vacation, birthday celebration, playdate, weekend adventure, or casual day outdoors, this Kids Boys Combo offers a complete ready-to-style outfit without the effort of matching individual pieces. The sophisticated combination of grey denim and olive cargo styling creates a contemporary look that is versatile enough for every season.
Designed with Purple United's commitment to premium craftsmanship, quality fabrics, and thoughtful detailing, this Shop the Look combo delivers the perfect balance of comfort, durability, and modern kids' fashion. Easy to wear, easy to maintain, and built for everyday adventures, this coordinated outfit is an essential wardrobe addition for young trendsetters who value effortless style and all-day comfort.",Purple United Kids,Apparel & Accessories > Clothing,Combo Set,"Apparel, Combo Set, Boys, All Products, NEW LAUNCH",TRUE,Shirt,9-10Y,,Trouser,9-10Y,,,,,8905120491580-8905120595622,200,shopify,,deny,manual,2099,4199,TRUE,TRUE,,,,,PBTROW002451-OLIVE-PBDNFS003002-GREY,,,,FALSE,,,Apparel & Accessories > Clothing,Boys,,,,,,,,,,,Boys,2026,"Item Color: PBDNFS003002-GREY-PBTROW002451-OLIVE
Fabric: COTTON
Items Included in Packaging: 1 Combo Set
Commodity: Boy's Combo Set",NEW LAUNCH,,,,,,,,,,,,,,,,,,,,,,,kg,,,active
Kids-Boys-Combo-|-Grey-Comfort-Denim-Shirt-&-Olive-Casual-Cargo-Trousers-|-Shop-The-Look,Kids Boys Combo | Grey Comfort Denim Shirt & Olive Casual Cargo Trousers | Shop The Look,"Upgrade your little one's everyday wardrobe with this premium Purple United Kids Boys Combo, a thoughtfully curated Shop the Look outfit that combines timeless denim styling with functional utility fashion. This coordinated ensemble features a grey washed denim shirt paired with olive cargo trousers, creating a modern and versatile outfit that's perfect for every occasion.
The grey denim shirt is crafted from premium-quality washed denim and features a classic collared silhouette, button-down front, and a soft finish that delivers lasting comfort with effortless style. Lightweight, breathable, and easy to wear, it offers a refined casual look that transitions seamlessly from everyday outings to special occasions.
Complementing the shirt are olive cargo trousers designed with spacious utility pockets, an elasticated waistband, and a relaxed fit that allows unrestricted movement throughout the day. Combining modern utility styling with practical functionality, the trousers provide exceptional comfort and durability, making them ideal for active kids.
Whether it's a family outing, vacation, birthday celebration, playdate, weekend adventure, or casual day outdoors, this Kids Boys Combo offers a complete ready-to-style outfit without the effort of matching individual pieces. The sophisticated combination of grey denim and olive cargo styling creates a contemporary look that is versatile enough for every season.
Designed with Purple United's commitment to premium craftsmanship, quality fabrics, and thoughtful detailing, this Shop the Look combo delivers the perfect balance of comfort, durability, and modern kids' fashion. Easy to wear, easy to maintain, and built for everyday adventures, this coordinated outfit is an essential wardrobe addition for young trendsetters who value effortless style and all-day comfort.",Purple United Kids,Apparel & Accessories > Clothing,Combo Set,"Apparel, Combo Set, Boys, All Products, NEW LAUNCH",TRUE,Shirt,11-12Y,,Trouser,11-12Y,,,,,8905120491597-8905120595639,200,shopify,,deny,manual,2099,4199,TRUE,TRUE,,,,,PBTROW002451-OLIVE-PBDNFS003002-GREY,,,,FALSE,,,Apparel & Accessories > Clothing,Boys,,,,,,,,,,,Boys,2026,"Item Color: PBDNFS003002-GREY-PBTROW002451-OLIVE
Fabric: COTTON
Items Included in Packaging: 1 Combo Set
Commodity: Boy's Combo Set",NEW LAUNCH,,,,,,,,,,,,,,,,,,,,,,,kg,,,active
Kids-Boys-Combo-|-Grey-Comfort-Denim-Shirt-&-Olive-Casual-Cargo-Trousers-|-Shop-The-Look,Kids Boys Combo | Grey Comfort Denim Shirt & Olive Casual Cargo Trousers | Shop The Look,"Upgrade your little one's everyday wardrobe with this premium Purple United Kids Boys Combo, a thoughtfully curated Shop the Look outfit that combines timeless denim styling with functional utility fashion. This coordinated ensemble features a grey washed denim shirt paired with olive cargo trousers, creating a modern and versatile outfit that's perfect for every occasion.
The grey denim shirt is crafted from premium-quality washed denim and features a classic collared silhouette, button-down front, and a soft finish that delivers lasting comfort with effortless style. Lightweight, breathable, and easy to wear, it offers a refined casual look that transitions seamlessly from everyday outings to special occasions.
Complementing the shirt are olive cargo trousers designed with spacious utility pockets, an elasticated waistband, and a relaxed fit that allows unrestricted movement throughout the day. Combining modern utility styling with practical functionality, the trousers provide exceptional comfort and durability, making them ideal for active kids.
Whether it's a family outing, vacation, birthday celebration, playdate, weekend adventure, or casual day outdoors, this Kids Boys Combo offers a complete ready-to-style outfit without the effort of matching individual pieces. The sophisticated combination of grey denim and olive cargo styling creates a contemporary look that is versatile enough for every season.
Designed with Purple United's commitment to premium craftsmanship, quality fabrics, and thoughtful detailing, this Shop the Look combo delivers the perfect balance of comfort, durability, and modern kids' fashion. Easy to wear, easy to maintain, and built for everyday adventures, this coordinated outfit is an essential wardrobe addition for young trendsetters who value effortless style and all-day comfort.",Purple United Kids,Apparel & Accessories > Clothing,Combo Set,"Apparel, Combo Set, Boys, All Products, NEW LAUNCH",TRUE,Shirt,13-14Y,,Trouser,13-14Y,,,,,8905120491603-8905120595646,200,shopify,,deny,manual,2099,4199,TRUE,TRUE,,,,,PBTROW002451-OLIVE-PBDNFS003002-GREY,,,,FALSE,,,Apparel & Accessories > Clothing,Boys,,,,,,,,,,,Boys,2026,"Item Color: PBDNFS003002-GREY-PBTROW002451-OLIVE
Fabric: COTTON
Items Included in Packaging: 1 Combo Set
Commodity: Boy's Combo Set",NEW LAUNCH,,,,,,,,,,,,,,,,,,,,,,,kg,,,active
